lineup_id,match_id,player_id,team_id,is_starting_xi,tactical_position,minutes_played
1,1,1,1,0,GK,0
2,1,2,1,1,DEF,90
3,1,3,1,0,DEF,30
4,1,4,1,0,DEF,0
5,1,5,1,0,DEF,0
6,1,6,1,1,MID,90
7,1,7,1,0,MID,0
8,1,8,1,0,MID,0
9,1,9,1,0,FWD,30
10,1,10,1,1,FWD,90
11,1,11,1,0,FWD,0
12,1,12,1,0,GK,0
13,1,13,1,1,GK,90
14,1,14,1,0,FWD,0
15,1,15,1,1,DEF,90
16,1,16,1,0,FWD,30
17,1,17,1,0,MID,0
18,1,18,1,0,MID,0
19,1,19,1,1,MID,90
20,1,20,1,1,DEF,90
21,1,21,1,0,FWD,0
22,1,22,1,1,FWD,90
23,1,23,1,1,DEF,90
24,1,24,1,1,MID,90
25,1,25,1,0,FWD,30
26,1,26,1,1,MID,90
27,1,27,2,1,GK,90
28,1,28,2,0,DEF,0
29,1,29,2,1,DEF,90
30,1,30,2,1,MID,90
31,1,31,2,0,MID,0
32,1,32,2,0,DEF,0
33,1,33,2,1,FWD,90
34,1,34,2,0,FWD,0
35,1,35,2,0,FWD,0
36,1,36,2,0,FWD,0
37,1,37,2,1,MID,90
38,1,38,2,1,FWD,90
39,1,39,2,1,MID,90
40,1,40,2,0,DEF,0
41,1,41,2,0,FWD,0
42,1,42,2,0,GK,0
43,1,43,2,0,FWD,0
44,1,44,2,0,DEF,0
45,1,45,2,0,DEF,0
46,1,46,2,1,DEF,90
47,1,47,2,0,DEF,0
48,1,48,2,0,GK,0
49,1,49,2,1,MID,90
50,1,50,2,1,DEF,90
51,1,51,2,0,FWD,0
52,1,52,2,1,DEF,90
53,2,53,3,1,GK,90
54,2,54,3,1,DEF,90
55,2,55,3,0,MID,0
56,2,56,3,1,DEF,90
57,2,57,3,0,DEF,0
58,2,58,3,0,MID,30
59,2,59,3,0,FWD,0
60,2,60,3,0,MID,0
61,2,61,3,1,FWD,90
62,2,62,3,1,MID,90
63,2,63,3,0,MID,0
64,2,64,3,0,GK,0
65,2,65,3,0,DEF,0
66,2,66,3,0,DEF,0
67,2,67,3,0,DEF,0
68,2,68,3,1,DEF,90
69,2,69,3,1,MID,90
70,2,70,3,1,FWD,90
71,2,71,3,0,MID,30
72,2,72,3,0,MID,0
73,2,73,3,0,GK,0
74,2,74,3,1,DEF,90
75,2,75,3,0,DEF,0
76,2,76,3,0,MID,0
77,2,77,3,1,MID,90
78,2,78,3,1,MID,90
79,2,79,4,1,GK,90
80,2,80,4,0,DEF,0
81,2,81,4,1,DEF,90
82,2,82,4,0,DEF,0
83,2,83,4,1,DEF,90
84,2,84,4,1,DEF,90
85,2,85,4,0,DEF,30
86,2,86,4,1,MID,90
87,2,87,4,0,FWD,0
88,2,88,4,0,FWD,0
89,2,89,4,0,FWD,0
90,2,90,4,0,MID,0
91,2,91,4,0,FWD,0
92,2,92,4,1,DEF,90
93,2,93,4,1,FWD,90
94,2,94,4,0,GK,0
95,2,95,4,1,MID,90
96,2,96,4,1,MID,90
97,2,97,4,0,FWD,0
98,2,98,4,0,DEF,0
99,2,99,4,0,DEF,0
100,2,100,4,0,MID,0
101,2,101,4,0,GK,0
102,2,102,4,0,MID,0
103,2,103,4,1,MID,90
104,2,104,4,1,FWD,90
105,3,105,5,0,GK,0
106,3,106,5,1,DEF,90
107,3,107,5,0,DEF,0
108,3,108,5,0,DEF,0
109,3,109,5,1,DEF,90
110,3,110,5,1,MID,90
111,3,111,5,1,MID,90
112,3,112,5,0,MID,0
113,3,113,5,0,FWD,30
114,3,114,5,0,FWD,0
115,3,115,5,1,MID,90
116,3,116,5,0,FWD,0
117,3,117,5,0,DEF,0
118,3,118,5,0,MID,0
119,3,119,5,1,DEF,90
120,3,120,5,1,GK,90
121,3,121,5,0,FWD,0
122,3,122,5,0,GK,0
123,3,123,5,0,DEF,0
124,3,124,5,1,FWD,90
125,3,125,5,1,MID,90
126,3,126,5,1,DEF,90
127,3,127,5,0,DEF,0
128,3,128,5,1,FWD,90
129,3,129,5,0,MID,0
130,3,130,5,0,FWD,0
131,3,131,6,1,GK,90
132,3,132,6,0,DEF,0
133,3,133,6,1,DEF,90
134,3,134,6,1,DEF,90
135,3,135,6,1,DEF,90
136,3,136,6,1,MID,90
137,3,137,6,0,DEF,0
138,3,138,6,0,MID,0
139,3,139,6,0,FWD,0
140,3,140,6,0,FWD,0
141,3,141,6,0,FWD,0
142,3,142,6,0,GK,0
143,3,143,6,1,MID,90
144,3,144,6,0,MID,0
145,3,145,6,1,MID,90
146,3,146,6,0,MID,0
147,3,147,6,1,MID,90
148,3,148,6,0,DEF,0
149,3,149,6,0,FWD,0
150,3,150,6,1,FWD,90
151,3,151,6,1,DEF,90
152,3,152,6,0,GK,0
153,3,153,6,1,FWD,90
154,3,154,6,0,DEF,0
155,3,155,6,0,FWD,30
156,3,156,6,0,MID,0
157,4,313,13,1,GK,90
158,4,314,13,0,DEF,0
159,4,315,13,0,DEF,0
160,4,316,13,0,MID,0
161,4,317,13,1,DEF,90
162,4,318,13,1,DEF,90
163,4,319,13,1,MID,90
164,4,320,13,1,MID,90
165,4,321,13,0,FWD,0
166,4,322,13,1,FWD,90
167,4,323,13,0,FWD,0
168,4,324,13,0,DEF,0
169,4,325,13,0,DEF,0
170,4,326,13,0,MID,0
171,4,327,13,1,MID,90
172,4,328,13,0,DEF,30
173,4,329,13,1,MID,90
174,4,330,13,1,DEF,90
175,4,331,13,0,FWD,0
176,4,332,13,1,FWD,90
177,4,333,13,0,FWD,0
178,4,334,13,1,DEF,90
179,4,335,13,0,DEF,0
180,4,336,13,0,GK,0
181,4,337,13,0,GK,0
182,4,338,13,0,FWD,0
183,4,339,14,1,GK,90
184,4,340,14,1,DEF,90
185,4,341,14,1,DEF,90
186,4,342,14,0,DEF,0
187,4,343,14,0,DEF,0
188,4,344,14,0,DEF,0
189,4,345,14,1,MID,90
190,4,346,14,0,MID,0
191,4,347,14,0,FWD,0
192,4,348,14,1,MID,90
193,4,349,14,0,MID,30
194,4,350,14,0,GK,0
195,4,351,14,1,DEF,90
196,4,352,14,1,MID,90
197,4,353,14,0,DEF,0
198,4,354,14,0,MID,30
199,4,355,14,0,FWD,0
200,4,356,14,1,FWD,90
201,4,357,14,0,FWD,30
202,4,358,14,0,MID,0
203,4,359,14,0,FWD,0
204,4,360,14,0,GK,0
205,4,361,14,1,MID,90
206,4,362,14,0,MID,0
207,4,363,14,1,FWD,90
208,4,364,14,1,DEF,90
209,5,157,7,1,GK,90
210,5,158,7,1,DEF,90
211,5,159,7,0,DEF,0
212,5,160,7,0,DEF,0
213,5,161,7,0,DEF,0
214,5,162,7,1,MID,90
215,5,163,7,1,FWD,90
216,5,164,7,0,FWD,0
217,5,165,7,0,FWD,0
218,5,166,7,0,FWD,0
219,5,167,7,0,FWD,0
220,5,168,7,1,MID,90
221,5,169,7,0,DEF,0
222,5,170,7,1,DEF,90
223,5,171,7,1,FWD,90
224,5,172,7,0,DEF,0
225,5,173,7,1,MID,90
226,5,174,7,1,DEF,90
227,5,175,7,0,FWD,0
228,5,176,7,0,MID,0
229,5,177,7,0,GK,0
230,5,178,7,0,GK,0
231,5,179,7,1,MID,90
232,5,180,7,0,FWD,0
233,5,181,7,1,DEF,90
234,5,182,7,0,FWD,0
235,5,183,8,1,GK,90
236,5,184,8,0,DEF,30
237,5,185,8,1,DEF,90
238,5,186,8,0,DEF,0
239,5,187,8,1,DEF,90
240,5,188,8,1,MID,90
241,5,189,8,1,FWD,90
242,5,190,8,0,MID,0
243,5,191,8,1,MID,90
244,5,192,8,0,MID,0
245,5,193,8,1,FWD,90
246,5,194,8,0,GK,0
247,5,195,8,1,DEF,90
248,5,196,8,1,MID,90
249,5,197,8,0,MID,0
250,5,198,8,0,FWD,0
251,5,199,8,0,FWD,0
252,5,200,8,0,DEF,0
253,5,201,8,0,FWD,0
254,5,202,8,1,MID,90
255,5,203,8,0,GK,0
256,5,204,8,0,MID,0
257,5,205,8,0,FWD,0
258,5,206,8,0,DEF,0
259,5,207,8,1,DEF,90
260,5,208,8,0,FWD,0
261,6,209,9,1,GK,90
262,6,210,9,0,MID,0
263,6,211,9,1,DEF,90
264,6,212,9,1,DEF,90
265,6,213,9,0,MID,0
266,6,214,9,1,DEF,90
267,6,215,9,0,FWD,30
268,6,216,9,1,MID,90
269,6,217,9,1,FWD,90
270,6,218,9,0,FWD,0
271,6,219,9,1,FWD,90
272,6,220,9,0,GK,0
273,6,221,9,0,DEF,0
274,6,222,9,1,DEF,90
275,6,223,9,0,DEF,0
276,6,224,9,0,DEF,0
277,6,225,9,1,MID,90
278,6,226,9,1,MID,90
279,6,227,9,0,FWD,0
280,6,228,9,1,MID,90
281,6,229,9,0,FWD,0
282,6,230,9,0,FWD,0
283,6,231,9,0,GK,0
284,6,232,9,0,DEF,0
285,6,233,9,0,FWD,0
286,6,234,9,0,FWD,0
287,6,235,10,1,GK,90
288,6,236,10,1,DEF,90
289,6,237,10,1,DEF,90
290,6,238,10,1,MID,90
291,6,239,10,0,DEF,0
292,6,240,10,1,MID,90
293,6,241,10,1,MID,90
294,6,242,10,0,MID,0
295,6,243,10,1,FWD,90
296,6,244,10,1,FWD,90
297,6,245,10,0,MID,30
298,6,246,10,0,GK,0
299,6,247,10,0,DEF,0
300,6,248,10,1,DEF,90
301,6,249,10,0,MID,0
302,6,250,10,0,MID,0
303,6,251,10,0,FWD,0
304,6,252,10,1,DEF,90
305,6,253,10,0,DEF,0
306,6,254,10,0,FWD,0
307,6,255,10,0,FWD,0
308,6,256,10,0,GK,0
309,6,257,10,0,MID,0
310,6,258,10,1,MID,90
311,6,259,10,0,DEF,0
312,6,260,10,0,DEF,0
313,7,261,11,1,GK,90
314,7,262,11,0,DEF,0
315,7,263,11,1,DEF,90
316,7,264,11,0,DEF,0
317,7,265,11,1,DEF,90
318,7,266,11,1,MID,90
319,7,267,11,0,FWD,0
320,7,268,11,1,DEF,90
321,7,269,11,0,FWD,0
322,7,270,11,1,MID,90
323,7,271,11,0,FWD,0
324,7,272,11,0,GK,0
325,7,273,11,0,DEF,0
326,7,274,11,0,DEF,0
327,7,275,11,1,FWD,90
328,7,276,11,0,FWD,0
329,7,277,11,1,MID,90
330,7,278,11,1,FWD,90
331,7,279,11,0,FWD,0
332,7,280,11,0,FWD,0
333,7,281,11,0,FWD,0
334,7,282,11,1,DEF,90
335,7,283,11,0,GK,0
336,7,284,11,0,DEF,0
337,7,285,11,1,MID,90
338,7,286,11,0,MID,0
339,7,287,12,1,GK,90
340,7,288,12,1,DEF,90
341,7,289,12,1,DEF,90
342,7,290,12,1,MID,90
343,7,291,12,0,DEF,0
344,7,292,12,1,DEF,90
345,7,293,12,1,MID,90
346,7,294,12,0,MID,0
347,7,295,12,1,FWD,90
348,7,296,12,0,FWD,0
349,7,297,12,1,MID,90
350,7,298,12,0,GK,0
351,7,299,12,0,DEF,0
352,7,300,12,0,FWD,0
353,7,301,12,0,DEF,0
354,7,302,12,1,DEF,90
355,7,303,12,0,FWD,0
356,7,304,12,0,FWD,0
357,7,305,12,1,MID,90
358,7,306,12,0,FWD,0
359,7,307,12,0,GK,0
360,7,308,12,0,DEF,0
361,7,309,12,0,MID,0
362,7,310,12,0,DEF,0
363,7,311,12,1,FWD,90
364,7,312,12,0,DEF,0
365,8,365,15,1,GK,90
366,8,366,15,0,DEF,0
367,8,367,15,0,DEF,0
368,8,368,15,1,DEF,90
369,8,369,15,1,DEF,90
370,8,370,15,0,DEF,0
371,8,371,15,0,FWD,0
372,8,372,15,1,MID,90
373,8,373,15,0,FWD,0
374,8,374,15,0,FWD,0
375,8,375,15,0,FWD,0
376,8,376,15,0,GK,0
377,8,377,15,1,MID,90
378,8,378,15,0,MID,0
379,8,379,15,0,DEF,0
380,8,380,15,1,DEF,90
381,8,381,15,0,FWD,30
382,8,382,15,0,GK,0
383,8,383,15,0,DEF,0
384,8,384,15,1,FWD,90
385,8,385,15,1,DEF,90
386,8,386,15,1,MID,90
387,8,387,15,0,FWD,0
388,8,388,15,1,MID,90
389,8,389,15,0,DEF,0
390,8,390,15,1,FWD,90
391,8,391,16,1,GK,90
392,8,392,16,1,DEF,90
393,8,393,16,0,DEF,0
394,8,394,16,1,DEF,90
395,8,395,16,1,MID,90
396,8,396,16,0,MID,0
397,8,397,16,0,FWD,0
398,8,398,16,1,FWD,90
399,8,399,16,0,FWD,0
400,8,400,16,1,MID,90
401,8,401,16,0,FWD,0
402,8,402,16,0,GK,0
403,8,403,16,0,DEF,0
404,8,404,16,0,DEF,0
405,8,405,16,0,DEF,0
406,8,406,16,1,MID,90
407,8,407,16,0,FWD,0
408,8,408,16,1,DEF,90
409,8,409,16,1,FWD,90
410,8,410,16,0,DEF,0
411,8,411,16,0,FWD,0
412,8,412,16,1,MID,90
413,8,413,16,0,GK,0
414,8,414,16,0,FWD,0
415,8,415,16,1,DEF,90
416,8,416,16,0,FWD,0
417,9,417,17,1,GK,90
418,9,418,17,0,DEF,0
419,9,419,17,1,DEF,90
420,9,420,17,0,DEF,0
421,9,421,17,1,MID,90
422,9,422,17,1,DEF,90
423,9,423,17,1,FWD,90
424,9,424,17,0,MID,0
425,9,425,17,0,MID,0
426,9,426,17,1,MID,90
427,9,427,17,0,FWD,0
428,9,428,17,0,GK,0
429,9,429,17,1,MID,90
430,9,430,17,0,FWD,0
431,9,431,17,1,DEF,90
432,9,432,17,0,MID,0
433,9,433,17,1,MID,90
434,9,434,17,1,DEF,90
435,9,435,17,0,MID,0
436,9,436,17,0,MID,0
437,9,437,17,0,GK,0
438,9,438,17,0,DEF,0
439,9,439,17,0,MID,30
440,9,440,17,0,DEF,0
441,9,441,17,0,MID,0
442,9,442,17,1,FWD,90
443,9,443,18,1,GK,90
444,9,444,18,0,DEF,0
445,9,445,18,1,DEF,90
446,9,446,18,1,DEF,90
447,9,447,18,0,DEF,0
448,9,448,18,1,MID,90
449,9,449,18,0,MID,0
450,9,450,18,0,MID,30
451,9,451,18,0,FWD,0
452,9,452,18,1,MID,90
453,9,453,18,0,FWD,0
454,9,454,18,0,FWD,0
455,9,455,18,1,FWD,90
456,9,456,18,0,FWD,0
457,9,457,18,1,MID,90
458,9,458,18,0,FWD,0
459,9,459,18,1,FWD,90
460,9,460,18,0,DEF,0
461,9,461,18,0,FWD,0
462,9,462,18,1,DEF,90
463,9,463,18,0,MID,0
464,9,464,18,1,MID,90
465,9,465,18,0,DEF,0
466,9,466,18,1,DEF,90
467,9,467,18,0,GK,0
468,9,468,18,0,GK,0
469,10,521,21,1,GK,90
470,10,522,21,0,DEF,0
471,10,523,21,1,MID,90
472,10,524,21,0,DEF,30
473,10,525,21,1,DEF,90
474,10,526,21,1,DEF,90
475,10,527,21,1,MID,90
476,10,528,21,1,MID,90
477,10,529,21,0,FWD,0
478,10,530,21,1,FWD,90
479,10,531,21,1,FWD,90
480,10,532,21,0,DEF,0
481,10,533,21,0,GK,0
482,10,534,21,1,MID,90
483,10,535,21,0,DEF,0
484,10,536,21,0,MID,0
485,10,537,21,0,FWD,0
486,10,538,21,0,FWD,0
487,10,539,21,0,FWD,0
488,10,540,21,0,MID,0
489,10,541,21,0,MID,0
490,10,542,21,1,DEF,90
491,10,543,21,0,GK,0
492,10,544,21,0,FWD,30
493,10,545,21,1,DEF,90
494,10,546,21,0,MID,0
495,10,547,22,1,GK,90
496,10,548,22,1,DEF,90
497,10,549,22,1,DEF,90
498,10,550,22,1,DEF,90
499,10,551,22,0,DEF,0
500,10,552,22,0,FWD,0
501,10,553,22,0,MID,0
502,10,554,22,1,MID,90
503,10,555,22,0,FWD,0
504,10,556,22,1,MID,90
505,10,557,22,0,MID,0
506,10,558,22,0,GK,0
507,10,559,22,0,MID,30
508,10,560,22,1,MID,90
509,10,561,22,1,MID,90
510,10,562,22,0,DEF,0
511,10,563,22,0,MID,0
512,10,564,22,0,FWD,0
513,10,565,22,1,FWD,90
514,10,566,22,1,DEF,90
515,10,567,22,0,DEF,0
516,10,568,22,0,DEF,0
517,10,569,22,0,GK,0
518,10,570,22,0,MID,0
519,10,571,22,0,DEF,0
520,10,572,22,1,FWD,90
521,11,469,19,1,GK,90
522,11,470,19,0,DEF,0
523,11,471,19,1,DEF,90
524,11,472,19,1,MID,90
525,11,473,19,0,DEF,30
526,11,474,19,0,MID,0
527,11,475,19,1,DEF,90
528,11,476,19,1,MID,90
529,11,477,19,0,FWD,0
530,11,478,19,1,FWD,90
531,11,479,19,1,FWD,90
532,11,480,19,0,FWD,0
533,11,481,19,1,DEF,90
534,11,482,19,0,FWD,0
535,11,483,19,0,FWD,30
536,11,484,19,0,GK,0
537,11,485,19,0,DEF,0
538,11,486,19,0,MID,0
539,11,487,19,0,FWD,0
540,11,488,19,0,DEF,0
541,11,489,19,1,DEF,90
542,11,490,19,0,FWD,0
543,11,491,19,0,GK,0
544,11,492,19,0,FWD,0
545,11,493,19,1,MID,90
546,11,494,19,1,MID,90
547,11,495,20,1,GK,90
548,11,496,20,1,DEF,90
549,11,497,20,0,DEF,0
550,11,498,20,0,DEF,0
551,11,499,20,0,MID,0
552,11,500,20,1,DEF,90
553,11,501,20,1,DEF,90
554,11,502,20,1,MID,90
555,11,503,20,0,FWD,0
556,11,504,20,0,MID,0
557,11,505,20,0,FWD,0
558,11,506,20,0,GK,0
559,11,507,20,0,FWD,0
560,11,508,20,1,MID,90
561,11,509,20,1,MID,90
562,11,510,20,1,FWD,90
563,11,511,20,0,DEF,0
564,11,512,20,0,MID,0
565,11,513,20,0,FWD,0
566,11,514,20,0,FWD,0
567,11,515,20,0,MID,0
568,11,516,20,0,GK,0
569,11,517,20,1,MID,90
570,11,518,20,1,FWD,90
571,11,519,20,0,DEF,0
572,11,520,20,1,DEF,90
573,12,573,23,1,GK,90
574,12,574,23,0,DEF,0
575,12,575,23,0,DEF,0
576,12,576,23,1,DEF,90
577,12,577,23,0,DEF,0
578,12,578,23,1,DEF,90
579,12,579,23,1,MID,90
580,12,580,23,0,DEF,0
581,12,581,23,1,FWD,90
582,12,582,23,1,MID,90
583,12,583,23,0,FWD,0
584,12,584,23,0,GK,0
585,12,585,23,0,MID,0
586,12,586,23,0,DEF,0
587,12,587,23,1,DEF,90
588,12,588,23,1,MID,90
589,12,589,23,0,FWD,30
590,12,590,23,0,MID,30
591,12,591,23,1,MID,90
592,12,592,23,0,DEF,0
593,12,593,23,1,DEF,90
594,12,594,23,0,MID,0
595,12,595,23,0,GK,0
596,12,596,23,0,DEF,0
597,12,597,23,0,FWD,0
598,12,598,23,1,FWD,90
599,12,599,24,0,GK,0
600,12,600,24,1,DEF,90
601,12,601,24,0,DEF,0
602,12,602,24,0,DEF,30
603,12,603,24,0,DEF,0
604,12,604,24,0,DEF,0
605,12,605,24,0,FWD,0
606,12,606,24,1,FWD,90
607,12,607,24,1,FWD,90
608,12,608,24,0,MID,30
609,12,609,24,1,MID,90
610,12,610,24,1,DEF,90
611,12,611,24,1,MID,90
612,12,612,24,1,MID,90
613,12,613,24,1,MID,90
614,12,614,24,1,GK,90
615,12,615,24,0,MID,0
616,12,616,24,0,FWD,0
617,12,617,24,0,FWD,0
618,12,618,24,1,DEF,90
619,12,619,24,1,DEF,90
620,12,620,24,0,GK,0
621,12,621,24,0,DEF,0
622,12,622,24,0,DEF,0
623,12,623,24,0,MID,0
624,12,624,24,0,MID,0
625,13,729,29,1,GK,90
626,13,730,29,0,DEF,0
627,13,731,29,1,DEF,90
628,13,732,29,1,DEF,90
629,13,733,29,0,DEF,0
630,13,734,29,1,MID,90
631,13,735,29,0,FWD,0
632,13,736,29,0,MID,0
633,13,737,29,0,MID,0
634,13,738,29,1,FWD,90
635,13,739,29,0,FWD,0
636,13,740,29,1,DEF,90
637,13,741,29,0,GK,0
638,13,742,29,0,DEF,0
639,13,743,29,1,MID,90
640,13,744,29,0,MID,0
641,13,745,29,0,FWD,0
642,13,746,29,1,MID,90
643,13,747,29,1,FWD,90
644,13,748,29,1,MID,90
645,13,749,29,0,FWD,0
646,13,750,29,0,DEF,0
647,13,751,29,0,GK,0
648,13,752,29,1,DEF,90
649,13,753,29,0,FWD,0
650,13,754,29,0,FWD,0
651,13,755,30,1,GK,90
652,13,756,30,1,DEF,90
653,13,757,30,0,DEF,0
654,13,758,30,0,DEF,0
655,13,759,30,0,DEF,0
656,13,760,30,0,MID,0
657,13,761,30,0,MID,0
658,13,762,30,1,MID,90
659,13,763,30,1,FWD,90
660,13,764,30,1,MID,90
661,13,765,30,0,MID,0
662,13,766,30,0,GK,0
663,13,767,30,1,DEF,90
664,13,768,30,0,MID,0
665,13,769,30,0,MID,0
666,13,770,30,0,MID,0
667,13,771,30,1,MID,90
668,13,772,30,0,MID,0
669,13,773,30,0,FWD,0
670,13,774,30,1,FWD,90
671,13,775,30,1,MID,90
672,13,776,30,1,DEF,90
673,13,777,30,0,GK,0
674,13,778,30,0,DEF,0
675,13,779,30,1,DEF,90
676,13,780,30,0,MID,0
677,14,625,25,1,GK,90
678,14,626,25,0,DEF,0
679,14,627,25,1,DEF,90
680,14,628,25,1,DEF,90
681,14,629,25,0,DEF,0
682,14,630,25,1,MID,90
683,14,631,25,1,MID,90
684,14,632,25,0,MID,0
685,14,633,25,1,FWD,90
686,14,634,25,0,FWD,0
687,14,635,25,0,FWD,0
688,14,636,25,0,GK,0
689,14,637,25,0,GK,0
690,14,638,25,1,FWD,90
691,14,639,25,1,DEF,90
692,14,640,25,0,DEF,0
693,14,641,25,0,FWD,0
694,14,642,25,1,DEF,90
695,14,643,25,0,MID,0
696,14,644,25,0,MID,0
697,14,645,25,0,DEF,0
698,14,646,25,0,MID,0
699,14,647,25,1,MID,90
700,14,648,25,1,MID,90
701,14,649,25,0,DEF,0
702,14,650,25,0,FWD,0
703,14,651,26,1,GK,90
704,14,652,26,0,DEF,0
705,14,653,26,1,DEF,90
706,14,654,26,0,DEF,0
707,14,655,26,1,DEF,90
708,14,656,26,1,DEF,90
709,14,657,26,0,FWD,0
710,14,658,26,0,MID,30
711,14,659,26,1,FWD,90
712,14,660,26,1,FWD,90
713,14,661,26,1,MID,90
714,14,662,26,0,FWD,0
715,14,663,26,1,DEF,90
716,14,664,26,1,MID,90
717,14,665,26,0,DEF,0
718,14,666,26,0,GK,0
719,14,667,26,0,MID,0
720,14,668,26,1,MID,90
721,14,669,26,0,MID,0
722,14,670,26,0,FWD,0
723,14,671,26,1,MID,90
724,14,672,26,0,FWD,0
725,14,673,26,0,GK,0
726,14,674,26,0,DEF,0
727,14,675,26,0,FWD,0
728,14,676,26,0,GK,0
729,15,781,31,0,GK,0
730,15,782,31,1,DEF,90
731,15,783,31,0,DEF,0
732,15,784,31,0,DEF,30
733,15,785,31,0,DEF,0
734,15,786,31,1,MID,90
735,15,787,31,0,MID,0
736,15,788,31,0,FWD,0
737,15,789,31,0,FWD,0
738,15,790,31,0,FWD,0
739,15,791,31,0,FWD,0
740,15,792,31,1,DEF,90
741,15,793,31,1,DEF,90
742,15,794,31,0,DEF,0
743,15,795,31,1,MID,90
744,15,796,31,1,MID,90
745,15,797,31,1,FWD,90
746,15,798,31,1,MID,90
747,15,799,31,1,FWD,90
748,15,800,31,0,FWD,0
749,15,801,31,1,GK,90
750,15,802,31,0,GK,0
751,15,803,31,0,MID,0
752,15,804,31,0,DEF,0
753,15,805,31,0,DEF,0
754,15,806,31,1,DEF,90
755,15,807,32,1,GK,90
756,15,808,32,1,DEF,90
757,15,809,32,0,DEF,0
758,15,810,32,1,DEF,90
759,15,811,32,0,MID,0
760,15,812,32,0,MID,0
761,15,813,32,1,MID,90
762,15,814,32,1,MID,90
763,15,815,32,1,FWD,90
764,15,816,32,0,MID,0
765,15,817,32,0,FWD,0
766,15,818,32,0,GK,0
767,15,819,32,1,DEF,90
768,15,820,32,0,MID,0
769,15,821,32,0,MID,0
770,15,822,32,1,DEF,90
771,15,823,32,0,DEF,0
772,15,824,32,1,FWD,90
773,15,825,32,0,FWD,0
774,15,826,32,1,MID,90
775,15,827,32,0,FWD,0
776,15,828,32,0,MID,0
777,15,829,32,0,GK,0
778,15,830,32,0,DEF,0
779,15,831,32,0,MID,0
780,15,832,32,1,MID,90
781,16,677,27,1,GK,90
782,16,678,27,0,DEF,0
783,16,679,27,1,DEF,90
784,16,680,27,1,DEF,90
785,16,681,27,0,DEF,0
786,16,682,27,1,MID,90
787,16,683,27,0,MID,0
788,16,684,27,0,MID,30
789,16,685,27,0,FWD,0
790,16,686,27,1,FWD,90
791,16,687,27,0,FWD,0
792,16,688,27,0,GK,0
793,16,689,27,1,DEF,90
794,16,690,27,0,MID,0
795,16,691,27,1,MID,90
796,16,692,27,1,MID,90
797,16,693,27,0,DEF,0
798,16,694,27,1,FWD,90
799,16,695,27,0,DEF,0
800,16,696,27,0,FWD,0
801,16,697,27,0,MID,0
802,16,698,27,0,GK,0
803,16,699,27,0,DEF,30
804,16,700,27,0,FWD,0
805,16,701,27,1,DEF,90
806,16,702,27,1,MID,90
807,16,703,28,1,GK,90
808,16,704,28,1,DEF,90
809,16,705,28,1,DEF,90
810,16,706,28,1,DEF,90
811,16,707,28,0,DEF,0
812,16,708,28,0,MID,0
813,16,709,28,0,FWD,0
814,16,710,28,1,MID,90
815,16,711,28,1,FWD,90
816,16,712,28,0,MID,0
817,16,713,28,1,MID,90
818,16,714,28,0,GK,0
819,16,715,28,0,DEF,0
820,16,716,28,0,MID,0
821,16,717,28,0,DEF,0
822,16,718,28,0,DEF,0
823,16,719,28,0,FWD,0
824,16,720,28,1,FWD,90
825,16,721,28,0,MID,0
826,16,722,28,1,MID,90
827,16,723,28,0,FWD,0
828,16,724,28,0,GK,0
829,16,725,28,0,MID,0
830,16,726,28,0,DEF,0
831,16,727,28,1,MID,90
832,16,728,28,1,DEF,90
833,17,833,33,0,GK,0
834,17,834,33,0,DEF,0
835,17,835,33,1,DEF,90
836,17,836,33,0,DEF,0
837,17,837,33,1,DEF,90
838,17,838,33,1,MID,90
839,17,839,33,0,FWD,0
840,17,840,33,1,MID,90
841,17,841,33,0,FWD,0
842,17,842,33,1,FWD,90
843,17,843,33,1,FWD,90
844,17,844,33,0,FWD,30
845,17,845,33,0,MID,0
846,17,846,33,0,MID,30
847,17,847,33,0,DEF,0
848,17,848,33,1,GK,90
849,17,849,33,1,DEF,90
850,17,850,33,1,MID,90
851,17,851,33,1,DEF,90
852,17,852,33,0,FWD,0
853,17,853,33,0,DEF,0
854,17,854,33,0,FWD,0
855,17,855,33,0,GK,0
856,17,856,33,0,MID,0
857,17,857,33,1,MID,90
858,17,858,33,0,DEF,0
859,17,859,34,0,GK,0
860,17,860,34,0,DEF,0
861,17,861,34,1,DEF,90
862,17,862,34,1,DEF,90
863,17,863,34,1,MID,90
864,17,864,34,0,MID,0
865,17,865,34,0,FWD,0
866,17,866,34,1,MID,90
867,17,867,34,1,FWD,90
868,17,868,34,0,FWD,0
869,17,869,34,0,FWD,0
870,17,870,34,0,FWD,0
871,17,871,34,0,FWD,30
872,17,872,34,0,DEF,0
873,17,873,34,0,DEF,0
874,17,874,34,1,GK,90
875,17,875,34,0,MID,0
876,17,876,34,0,FWD,0
877,17,877,34,0,DEF,0
878,17,878,34,1,FWD,90
879,17,879,34,0,MID,0
880,17,880,34,1,MID,90
881,17,881,34,0,GK,0
882,17,882,34,1,DEF,90
883,17,883,34,1,DEF,90
884,17,884,34,1,MID,90
885,18,885,35,1,GK,90
886,18,886,35,0,DEF,0
887,18,887,35,0,DEF,30
888,18,888,35,0,DEF,0
889,18,889,35,1,DEF,90
890,18,890,35,0,DEF,0
891,18,891,35,1,MID,90
892,18,892,35,0,MID,0
893,18,893,35,0,FWD,0
894,18,894,35,0,FWD,0
895,18,895,35,0,FWD,0
896,18,896,35,0,GK,0
897,18,897,35,0,FWD,0
898,18,898,35,0,MID,0
899,18,899,35,1,DEF,90
900,18,900,35,1,MID,90
901,18,901,35,0,FWD,0
902,18,902,35,1,FWD,90
903,18,903,35,0,MID,0
904,18,904,35,1,MID,90
905,18,905,35,1,FWD,90
906,18,906,35,0,GK,0
907,18,907,35,1,DEF,90
908,18,908,35,1,MID,90
909,18,909,35,0,DEF,0
910,18,910,35,1,DEF,90
911,18,911,36,1,GK,90
912,18,912,36,0,MID,0
913,18,913,36,0,DEF,0
914,18,914,36,0,DEF,30
915,18,915,36,0,DEF,30
916,18,916,36,1,MID,90
917,18,917,36,0,FWD,0
918,18,918,36,1,MID,90
919,18,919,36,1,FWD,90
920,18,920,36,1,MID,90
921,18,921,36,1,FWD,90
922,18,922,36,0,GK,0
923,18,923,36,0,GK,0
924,18,924,36,0,MID,0
925,18,925,36,1,DEF,90
926,18,926,36,1,DEF,90
927,18,927,36,1,DEF,90
928,18,928,36,0,MID,0
929,18,929,36,0,MID,0
930,18,930,36,0,FWD,0
931,18,931,36,1,MID,90
932,18,932,36,0,MID,0
933,18,933,36,0,MID,0
934,18,934,36,0,DEF,0
935,18,935,36,1,DEF,90
936,18,936,36,0,FWD,0
937,19,937,37,0,GK,0
938,19,938,37,0,DEF,0
939,19,939,37,1,DEF,90
940,19,940,37,0,DEF,0
941,19,941,37,1,MID,90
942,19,942,37,1,DEF,90
943,19,943,37,1,MID,90
944,19,944,37,0,MID,0
945,19,945,37,1,FWD,90
946,19,946,37,0,FWD,30
947,19,947,37,0,MID,0
948,19,948,37,0,GK,0
949,19,949,37,0,DEF,0
950,19,950,37,1,MID,90
951,19,951,37,1,MID,90
952,19,952,37,0,FWD,0
953,19,953,37,0,FWD,0
954,19,954,37,0,FWD,0
955,19,955,37,1,DEF,90
956,19,956,37,0,MID,0
957,19,957,37,1,FWD,90
958,19,958,37,0,FWD,0
959,19,959,37,1,GK,90
960,19,960,37,0,MID,0
961,19,961,37,1,DEF,90
962,19,962,37,0,DEF,0
963,19,963,38,1,GK,90
964,19,964,38,1,DEF,90
965,19,965,38,0,DEF,0
966,19,966,38,0,DEF,0
967,19,967,38,1,DEF,90
968,19,968,38,1,MID,90
969,19,969,38,0,FWD,0
970,19,970,38,1,MID,90
971,19,971,38,0,FWD,0
972,19,972,38,0,MID,0
973,19,973,38,0,FWD,0
974,19,974,38,1,FWD,90
975,19,975,38,0,DEF,0
976,19,976,38,1,MID,90
977,19,977,38,0,DEF,0
978,19,978,38,0,GK,0
979,19,979,38,0,DEF,0
980,19,980,38,0,FWD,0
981,19,981,38,1,MID,90
982,19,982,38,0,FWD,0
983,19,983,38,1,DEF,90
984,19,984,38,0,MID,0
985,19,985,38,0,GK,0
986,19,986,38,0,MID,0
987,19,987,38,1,FWD,90
988,19,988,38,1,DEF,90
989,20,989,39,1,GK,90
990,20,990,39,1,DEF,90
991,20,991,39,0,DEF,0
992,20,992,39,1,MID,90
993,20,993,39,0,DEF,0
994,20,994,39,1,MID,90
995,20,995,39,0,FWD,30
996,20,996,39,1,DEF,90
997,20,997,39,0,MID,0
998,20,998,39,0,MID,0
999,20,999,39,1,FWD,90
1000,20,1000,39,0,GK,0
1001,20,1001,39,0,GK,0
1002,20,1002,39,1,FWD,90
1003,20,1003,39,1,DEF,90
1004,20,1004,39,0,DEF,0
1005,20,1005,39,0,MID,0
1006,20,1006,39,0,MID,30
1007,20,1007,39,1,MID,90
1008,20,1008,39,0,MID,0
1009,20,1009,39,0,FWD,0
1010,20,1010,39,1,MID,90
1011,20,1011,39,0,DEF,0
1012,20,1012,39,0,MID,0
1013,20,1013,39,1,DEF,90
1014,20,1014,39,0,MID,0
1015,20,1015,40,1,GK,90
1016,20,1016,40,0,DEF,0
1017,20,1017,40,1,DEF,90
1018,20,1018,40,0,DEF,0
1019,20,1019,40,0,DEF,30
1020,20,1020,40,0,MID,0
1021,20,1021,40,1,FWD,90
1022,20,1022,40,0,MID,30
1023,20,1023,40,0,FWD,30
1024,20,1024,40,1,FWD,90
1025,20,1025,40,0,FWD,0
1026,20,1026,40,0,GK,0
1027,20,1027,40,0,FWD,0
1028,20,1028,40,0,MID,0
1029,20,1029,40,1,MID,90
1030,20,1030,40,1,DEF,90
1031,20,1031,40,1,DEF,90
1032,20,1032,40,0,MID,0
1033,20,1033,40,1,DEF,90
1034,20,1034,40,1,MID,90
1035,20,1035,40,1,MID,90
1036,20,1036,40,0,GK,0
1037,20,1037,40,0,DEF,0
1038,20,1038,40,0,FWD,0
1039,20,1039,40,1,MID,90
1040,20,1040,40,0,DEF,0
1041,21,1041,41,1,GK,90
1042,21,1042,41,0,DEF,0
1043,21,1043,41,1,DEF,90
1044,21,1044,41,1,DEF,90
1045,21,1045,41,1,DEF,90
1046,21,1046,41,1,MID,90
1047,21,1047,41,0,FWD,0
1048,21,1048,41,0,MID,0
1049,21,1049,41,1,FWD,90
1050,21,1050,41,0,MID,0
1051,21,1051,41,0,FWD,0
1052,21,1052,41,0,GK,0
1053,21,1053,41,0,DEF,0
1054,21,1054,41,0,DEF,0
1055,21,1055,41,1,MID,90
1056,21,1056,41,0,FWD,0
1057,21,1057,41,0,FWD,0
1058,21,1058,41,0,FWD,30
1059,21,1059,41,0,FWD,0
1060,21,1060,41,0,DEF,0
1061,21,1061,41,1,MID,90
1062,21,1062,41,0,GK,0
1063,21,1063,41,1,MID,90
1064,21,1064,41,0,DEF,0
1065,21,1065,41,1,DEF,90
1066,21,1066,41,1,FWD,90
1067,21,1067,42,1,GK,90
1068,21,1068,42,0,DEF,0
1069,21,1069,42,1,DEF,90
1070,21,1070,42,0,DEF,0
1071,21,1071,42,0,DEF,0
1072,21,1072,42,1,MID,90
1073,21,1073,42,0,MID,0
1074,21,1074,42,1,MID,90
1075,21,1075,42,0,FWD,0
1076,21,1076,42,0,MID,0
1077,21,1077,42,1,FWD,90
1078,21,1078,42,0,DEF,0
1079,21,1079,42,0,FWD,0
1080,21,1080,42,1,MID,90
1081,21,1081,42,0,MID,0
1082,21,1082,42,0,GK,0
1083,21,1083,42,0,FWD,0
1084,21,1084,42,1,MID,90
1085,21,1085,42,0,FWD,0
1086,21,1086,42,1,FWD,90
1087,21,1087,42,0,GK,0
1088,21,1088,42,1,DEF,90
1089,21,1089,42,0,FWD,0
1090,21,1090,42,1,DEF,90
1091,21,1091,42,0,MID,0
1092,21,1092,42,1,DEF,90
1093,22,1145,45,1,GK,90
1094,22,1146,45,1,DEF,90
1095,22,1147,45,1,DEF,90
1096,22,1148,45,1,MID,90
1097,22,1149,45,0,DEF,0
1098,22,1150,45,0,DEF,0
1099,22,1151,45,1,FWD,90
1100,22,1152,45,0,MID,30
1101,22,1153,45,1,FWD,90
1102,22,1154,45,1,MID,90
1103,22,1155,45,0,FWD,30
1104,22,1156,45,0,DEF,0
1105,22,1157,45,0,GK,0
1106,22,1158,45,0,MID,0
1107,22,1159,45,0,DEF,0
1108,22,1160,45,0,MID,0
1109,22,1161,45,1,MID,90
1110,22,1162,45,0,FWD,0
1111,22,1163,45,0,FWD,0
1112,22,1164,45,0,FWD,0
1113,22,1165,45,1,MID,90
1114,22,1166,45,0,FWD,0
1115,22,1167,45,0,GK,0
1116,22,1168,45,1,DEF,90
1117,22,1169,45,1,DEF,90
1118,22,1170,45,0,DEF,0
1119,22,1171,46,1,GK,90
1120,22,1172,46,0,DEF,0
1121,22,1173,46,0,DEF,0
1122,22,1174,46,1,DEF,90
1123,22,1175,46,0,DEF,0
1124,22,1176,46,1,DEF,90
1125,22,1177,46,0,MID,0
1126,22,1178,46,1,MID,90
1127,22,1179,46,1,FWD,90
1128,22,1180,46,0,MID,0
1129,22,1181,46,0,FWD,0
1130,22,1182,46,0,GK,0
1131,22,1183,46,0,MID,0
1132,22,1184,46,0,FWD,30
1133,22,1185,46,0,MID,0
1134,22,1186,46,0,MID,30
1135,22,1187,46,1,MID,90
1136,22,1188,46,1,DEF,90
1137,22,1189,46,1,MID,90
1138,22,1190,46,0,FWD,0
1139,22,1191,46,1,MID,90
1140,22,1192,46,1,DEF,90
1141,22,1193,46,0,GK,0
1142,22,1194,46,1,FWD,90
1143,22,1195,46,0,DEF,0
1144,22,1196,46,0,FWD,30
1145,23,1197,47,1,GK,90
1146,23,1198,47,0,DEF,0
1147,23,1199,47,1,MID,90
1148,23,1200,47,1,DEF,90
1149,23,1201,47,0,MID,0
1150,23,1202,47,0,DEF,0
1151,23,1203,47,1,FWD,90
1152,23,1204,47,1,MID,90
1153,23,1205,47,0,FWD,0
1154,23,1206,47,0,FWD,0
1155,23,1207,47,1,MID,90
1156,23,1208,47,0,GK,0
1157,23,1209,47,1,FWD,90
1158,23,1210,47,0,DEF,0
1159,23,1211,47,0,MID,0
1160,23,1212,47,0,GK,0
1161,23,1213,47,0,DEF,0
1162,23,1214,47,1,DEF,90
1163,23,1215,47,0,FWD,0
1164,23,1216,47,1,MID,90
1165,23,1217,47,1,DEF,90
1166,23,1218,47,0,FWD,0
1167,23,1219,47,1,DEF,90
1168,23,1220,47,0,FWD,0
1169,23,1221,47,0,FWD,0
1170,23,1222,47,0,DEF,0
1171,23,1223,48,1,GK,90
1172,23,1224,48,0,DEF,0
1173,23,1225,48,0,DEF,0
1174,23,1226,48,0,DEF,0
1175,23,1227,48,1,DEF,90
1176,23,1228,48,0,MID,0
1177,23,1229,48,0,MID,0
1178,23,1230,48,1,MID,90
1179,23,1231,48,1,FWD,90
1180,23,1232,48,1,MID,90
1181,23,1233,48,0,MID,0
1182,23,1234,48,0,GK,0
1183,23,1235,48,1,DEF,90
1184,23,1236,48,0,DEF,0
1185,23,1237,48,0,DEF,0
1186,23,1238,48,0,DEF,0
1187,23,1239,48,0,FWD,0
1188,23,1240,48,1,FWD,90
1189,23,1241,48,1,MID,90
1190,23,1242,48,0,MID,0
1191,23,1243,48,1,MID,90
1192,23,1244,48,0,GK,0
1193,23,1245,48,0,DEF,0
1194,23,1246,48,0,FWD,0
1195,23,1247,48,1,DEF,90
1196,23,1248,48,1,DEF,90
1197,24,1093,43,1,GK,90
1198,24,1094,43,0,DEF,0
1199,24,1095,43,0,DEF,0
1200,24,1096,43,1,DEF,90
1201,24,1097,43,0,DEF,0
1202,24,1098,43,0,MID,0
1203,24,1099,43,1,MID,90
1204,24,1100,43,1,MID,90
1205,24,1101,43,0,MID,0
1206,24,1102,43,1,MID,90
1207,24,1103,43,0,MID,0
1208,24,1104,43,0,GK,0
1209,24,1105,43,1,DEF,90
1210,24,1106,43,1,FWD,90
1211,24,1107,43,1,DEF,90
1212,24,1108,43,0,GK,0
1213,24,1109,43,0,MID,0
1214,24,1110,43,0,DEF,0
1215,24,1111,43,0,MID,0
1216,24,1112,43,1,FWD,90
1217,24,1113,43,0,FWD,0
1218,24,1114,43,1,MID,90
1219,24,1115,43,0,MID,0
1220,24,1116,43,1,DEF,90
1221,24,1117,43,0,DEF,0
1222,24,1118,43,0,DEF,0
1223,24,1119,44,1,GK,90
1224,24,1120,44,1,DEF,90
1225,24,1121,44,1,DEF,90
1226,24,1122,44,0,DEF,0
1227,24,1123,44,0,MID,0
1228,24,1124,44,1,MID,90
1229,24,1125,44,1,FWD,90
1230,24,1126,44,0,MID,0
1231,24,1127,44,0,FWD,0
1232,24,1128,44,0,MID,0
1233,24,1129,44,1,MID,90
1234,24,1130,44,0,GK,0
1235,24,1131,44,1,DEF,90
1236,24,1132,44,0,DEF,30
1237,24,1133,44,1,MID,90
1238,24,1134,44,1,MID,90
1239,24,1135,44,0,DEF,0
1240,24,1136,44,0,DEF,0
1241,24,1137,44,0,FWD,30
1242,24,1138,44,0,MID,0
1243,24,1139,44,1,FWD,90
1244,24,1140,44,1,DEF,90
1245,24,1141,44,0,DEF,0
1246,24,1142,44,0,GK,0
1247,24,1143,44,0,FWD,0
1248,24,1144,44,0,FWD,0
1249,25,1,1,0,GK,0
1250,25,2,1,1,DEF,90
1251,25,3,1,0,DEF,0
1252,25,4,1,0,DEF,30
1253,25,5,1,0,DEF,0
1254,25,6,1,1,MID,90
1255,25,7,1,0,MID,30
1256,25,8,1,0,MID,0
1257,25,9,1,0,FWD,0
1258,25,10,1,1,FWD,90
1259,25,11,1,0,FWD,0
1260,25,12,1,0,GK,0
1261,25,13,1,1,GK,90
1262,25,14,1,0,FWD,0
1263,25,15,1,1,DEF,90
1264,25,16,1,0,FWD,0
1265,25,17,1,0,MID,0
1266,25,18,1,0,MID,0
1267,25,19,1,1,MID,90
1268,25,20,1,1,DEF,90
1269,25,21,1,0,FWD,0
1270,25,22,1,1,FWD,90
1271,25,23,1,1,DEF,90
1272,25,24,1,1,MID,90
1273,25,25,1,0,FWD,0
1274,25,26,1,1,MID,90
1275,25,53,3,1,GK,90
1276,25,54,3,1,DEF,90
1277,25,55,3,0,MID,0
1278,25,56,3,1,DEF,90
1279,25,57,3,0,DEF,0
1280,25,58,3,0,MID,0
1281,25,59,3,0,FWD,0
1282,25,60,3,0,MID,0
1283,25,61,3,1,FWD,90
1284,25,62,3,1,MID,90
1285,25,63,3,0,MID,0
1286,25,64,3,0,GK,0
1287,25,65,3,0,DEF,0
1288,25,66,3,0,DEF,0
1289,25,67,3,0,DEF,0
1290,25,68,3,1,DEF,90
1291,25,69,3,1,MID,90
1292,25,70,3,1,FWD,90
1293,25,71,3,0,MID,0
1294,25,72,3,0,MID,0
1295,25,73,3,0,GK,0
1296,25,74,3,1,DEF,90
1297,25,75,3,0,DEF,0
1298,25,76,3,0,MID,0
1299,25,77,3,1,MID,90
1300,25,78,3,1,MID,90
1301,26,79,4,1,GK,90
1302,26,80,4,0,DEF,0
1303,26,81,4,1,DEF,90
1304,26,82,4,0,DEF,0
1305,26,83,4,1,DEF,90
1306,26,84,4,1,DEF,90
1307,26,85,4,0,DEF,30
1308,26,86,4,1,MID,90
1309,26,87,4,0,FWD,0
1310,26,88,4,0,FWD,0
1311,26,89,4,0,FWD,0
1312,26,90,4,0,MID,0
1313,26,91,4,0,FWD,0
1314,26,92,4,1,DEF,90
1315,26,93,4,1,FWD,90
1316,26,94,4,0,GK,0
1317,26,95,4,1,MID,90
1318,26,96,4,1,MID,90
1319,26,97,4,0,FWD,0
1320,26,98,4,0,DEF,0
1321,26,99,4,0,DEF,0
1322,26,100,4,0,MID,0
1323,26,101,4,0,GK,0
1324,26,102,4,0,MID,30
1325,26,103,4,1,MID,90
1326,26,104,4,1,FWD,90
1327,26,27,2,1,GK,90
1328,26,28,2,0,DEF,0
1329,26,29,2,1,DEF,90
1330,26,30,2,1,MID,90
1331,26,31,2,0,MID,30
1332,26,32,2,0,DEF,0
1333,26,33,2,1,FWD,90
1334,26,34,2,0,FWD,0
1335,26,35,2,0,FWD,0
1336,26,36,2,0,FWD,0
1337,26,37,2,1,MID,90
1338,26,38,2,1,FWD,90
1339,26,39,2,1,MID,90
1340,26,40,2,0,DEF,0
1341,26,41,2,0,FWD,0
1342,26,42,2,0,GK,0
1343,26,43,2,0,FWD,0
1344,26,44,2,0,DEF,0
1345,26,45,2,0,DEF,0
1346,26,46,2,1,DEF,90
1347,26,47,2,0,DEF,0
1348,26,48,2,0,GK,0
1349,26,49,2,1,MID,90
1350,26,50,2,1,DEF,90
1351,26,51,2,0,FWD,0
1352,26,52,2,1,DEF,90
1353,27,105,5,0,GK,0
1354,27,106,5,1,DEF,90
1355,27,107,5,0,DEF,0
1356,27,108,5,0,DEF,0
1357,27,109,5,1,DEF,90
1358,27,110,5,1,MID,90
1359,27,111,5,1,MID,90
1360,27,112,5,0,MID,30
1361,27,113,5,0,FWD,30
1362,27,114,5,0,FWD,30
1363,27,115,5,1,MID,90
1364,27,116,5,0,FWD,0
1365,27,117,5,0,DEF,0
1366,27,118,5,0,MID,0
1367,27,119,5,1,DEF,90
1368,27,120,5,1,GK,90
1369,27,121,5,0,FWD,0
1370,27,122,5,0,GK,0
1371,27,123,5,0,DEF,0
1372,27,124,5,1,FWD,90
1373,27,125,5,1,MID,90
1374,27,126,5,1,DEF,90
1375,27,127,5,0,DEF,0
1376,27,128,5,1,FWD,90
1377,27,129,5,0,MID,30
1378,27,130,5,0,FWD,0
1379,27,157,7,1,GK,90
1380,27,158,7,1,DEF,90
1381,27,159,7,0,DEF,0
1382,27,160,7,0,DEF,0
1383,27,161,7,0,DEF,0
1384,27,162,7,1,MID,90
1385,27,163,7,1,FWD,90
1386,27,164,7,0,FWD,0
1387,27,165,7,0,FWD,0
1388,27,166,7,0,FWD,0
1389,27,167,7,0,FWD,0
1390,27,168,7,1,MID,90
1391,27,169,7,0,DEF,0
1392,27,170,7,1,DEF,90
1393,27,171,7,1,FWD,90
1394,27,172,7,0,DEF,0
1395,27,173,7,1,MID,90
1396,27,174,7,1,DEF,90
1397,27,175,7,0,FWD,0
1398,27,176,7,0,MID,0
1399,27,177,7,0,GK,0
1400,27,178,7,0,GK,0
1401,27,179,7,1,MID,90
1402,27,180,7,0,FWD,0
1403,27,181,7,1,DEF,90
1404,27,182,7,0,FWD,30
1405,28,183,8,1,GK,90
1406,28,184,8,0,DEF,0
1407,28,185,8,1,DEF,90
1408,28,186,8,0,DEF,0
1409,28,187,8,1,DEF,90
1410,28,188,8,1,MID,90
1411,28,189,8,1,FWD,90
1412,28,190,8,0,MID,0
1413,28,191,8,1,MID,90
1414,28,192,8,0,MID,30
1415,28,193,8,1,FWD,90
1416,28,194,8,0,GK,0
1417,28,195,8,1,DEF,90
1418,28,196,8,1,MID,90
1419,28,197,8,0,MID,0
1420,28,198,8,0,FWD,0
1421,28,199,8,0,FWD,30
1422,28,200,8,0,DEF,0
1423,28,201,8,0,FWD,0
1424,28,202,8,1,MID,90
1425,28,203,8,0,GK,0
1426,28,204,8,0,MID,0
1427,28,205,8,0,FWD,0
1428,28,206,8,0,DEF,0
1429,28,207,8,1,DEF,90
1430,28,208,8,0,FWD,0
1431,28,131,6,1,GK,90
1432,28,132,6,0,DEF,0
1433,28,133,6,1,DEF,90
1434,28,134,6,1,DEF,90
1435,28,135,6,1,DEF,90
1436,28,136,6,1,MID,90
1437,28,137,6,0,DEF,0
1438,28,138,6,0,MID,0
1439,28,139,6,0,FWD,0
1440,28,140,6,0,FWD,0
1441,28,141,6,0,FWD,0
1442,28,142,6,0,GK,0
1443,28,143,6,1,MID,90
1444,28,144,6,0,MID,0
1445,28,145,6,1,MID,90
1446,28,146,6,0,MID,30
1447,28,147,6,1,MID,90
1448,28,148,6,0,DEF,0
1449,28,149,6,0,FWD,0
1450,28,150,6,1,FWD,90
1451,28,151,6,1,DEF,90
1452,28,152,6,0,GK,0
1453,28,153,6,1,FWD,90
1454,28,154,6,0,DEF,0
1455,28,155,6,0,FWD,0
1456,28,156,6,0,MID,30
1457,29,209,9,1,GK,90
1458,29,210,9,0,MID,0
1459,29,211,9,1,DEF,90
1460,29,212,9,1,DEF,90
1461,29,213,9,0,MID,0
1462,29,214,9,1,DEF,90
1463,29,215,9,0,FWD,30
1464,29,216,9,1,MID,90
1465,29,217,9,1,FWD,90
1466,29,218,9,0,FWD,0
1467,29,219,9,1,FWD,90
1468,29,220,9,0,GK,0
1469,29,221,9,0,DEF,0
1470,29,222,9,1,DEF,90
1471,29,223,9,0,DEF,0
1472,29,224,9,0,DEF,30
1473,29,225,9,1,MID,90
1474,29,226,9,1,MID,90
1475,29,227,9,0,FWD,0
1476,29,228,9,1,MID,90
1477,29,229,9,0,FWD,0
1478,29,230,9,0,FWD,0
1479,29,231,9,0,GK,0
1480,29,232,9,0,DEF,0
1481,29,233,9,0,FWD,0
1482,29,234,9,0,FWD,0
1483,29,261,11,1,GK,90
1484,29,262,11,0,DEF,30
1485,29,263,11,1,DEF,90
1486,29,264,11,0,DEF,0
1487,29,265,11,1,DEF,90
1488,29,266,11,1,MID,90
1489,29,267,11,0,FWD,0
1490,29,268,11,1,DEF,90
1491,29,269,11,0,FWD,0
1492,29,270,11,1,MID,90
1493,29,271,11,0,FWD,0
1494,29,272,11,0,GK,0
1495,29,273,11,0,DEF,0
1496,29,274,11,0,DEF,0
1497,29,275,11,1,FWD,90
1498,29,276,11,0,FWD,0
1499,29,277,11,1,MID,90
1500,29,278,11,1,FWD,90
1501,29,279,11,0,FWD,0
1502,29,280,11,0,FWD,30
1503,29,281,11,0,FWD,0
1504,29,282,11,1,DEF,90
1505,29,283,11,0,GK,0
1506,29,284,11,0,DEF,0
1507,29,285,11,1,MID,90
1508,29,286,11,0,MID,0
1509,30,287,12,1,GK,90
1510,30,288,12,1,DEF,90
1511,30,289,12,1,DEF,90
1512,30,290,12,1,MID,90
1513,30,291,12,0,DEF,0
1514,30,292,12,1,DEF,90
1515,30,293,12,1,MID,90
1516,30,294,12,0,MID,0
1517,30,295,12,1,FWD,90
1518,30,296,12,0,FWD,0
1519,30,297,12,1,MID,90
1520,30,298,12,0,GK,0
1521,30,299,12,0,DEF,0
1522,30,300,12,0,FWD,0
1523,30,301,12,0,DEF,0
1524,30,302,12,1,DEF,90
1525,30,303,12,0,FWD,0
1526,30,304,12,0,FWD,0
1527,30,305,12,1,MID,90
1528,30,306,12,0,FWD,0
1529,30,307,12,0,GK,0
1530,30,308,12,0,DEF,0
1531,30,309,12,0,MID,0
1532,30,310,12,0,DEF,0
1533,30,311,12,1,FWD,90
1534,30,312,12,0,DEF,0
1535,30,235,10,1,GK,90
1536,30,236,10,1,DEF,90
1537,30,237,10,1,DEF,90
1538,30,238,10,1,MID,90
1539,30,239,10,0,DEF,0
1540,30,240,10,1,MID,90
1541,30,241,10,1,MID,90
1542,30,242,10,0,MID,0
1543,30,243,10,1,FWD,90
1544,30,244,10,1,FWD,90
1545,30,245,10,0,MID,30
1546,30,246,10,0,GK,0
1547,30,247,10,0,DEF,0
1548,30,248,10,1,DEF,90
1549,30,249,10,0,MID,0
1550,30,250,10,0,MID,0
1551,30,251,10,0,FWD,0
1552,30,252,10,1,DEF,90
1553,30,253,10,0,DEF,0
1554,30,254,10,0,FWD,0
1555,30,255,10,0,FWD,0
1556,30,256,10,0,GK,0
1557,30,257,10,0,MID,0
1558,30,258,10,1,MID,90
1559,30,259,10,0,DEF,0
1560,30,260,10,0,DEF,0
1561,31,313,13,1,GK,90
1562,31,314,13,0,DEF,30
1563,31,315,13,0,DEF,30
1564,31,316,13,0,MID,0
1565,31,317,13,1,DEF,90
1566,31,318,13,1,DEF,90
1567,31,319,13,1,MID,90
1568,31,320,13,1,MID,90
1569,31,321,13,0,FWD,0
1570,31,322,13,1,FWD,90
1571,31,323,13,0,FWD,0
1572,31,324,13,0,DEF,0
1573,31,325,13,0,DEF,0
1574,31,326,13,0,MID,0
1575,31,327,13,1,MID,90
1576,31,328,13,0,DEF,30
1577,31,329,13,1,MID,90
1578,31,330,13,1,DEF,90
1579,31,331,13,0,FWD,0
1580,31,332,13,1,FWD,90
1581,31,333,13,0,FWD,0
1582,31,334,13,1,DEF,90
1583,31,335,13,0,DEF,0
1584,31,336,13,0,GK,0
1585,31,337,13,0,GK,0
1586,31,338,13,0,FWD,0
1587,31,365,15,1,GK,90
1588,31,366,15,0,DEF,0
1589,31,367,15,0,DEF,30
1590,31,368,15,1,DEF,90
1591,31,369,15,1,DEF,90
1592,31,370,15,0,DEF,0
1593,31,371,15,0,FWD,0
1594,31,372,15,1,MID,90
1595,31,373,15,0,FWD,0
1596,31,374,15,0,FWD,0
1597,31,375,15,0,FWD,0
1598,31,376,15,0,GK,0
1599,31,377,15,1,MID,90
1600,31,378,15,0,MID,0
1601,31,379,15,0,DEF,0
1602,31,380,15,1,DEF,90
1603,31,381,15,0,FWD,0
1604,31,382,15,0,GK,0
1605,31,383,15,0,DEF,30
1606,31,384,15,1,FWD,90
1607,31,385,15,1,DEF,90
1608,31,386,15,1,MID,90
1609,31,387,15,0,FWD,0
1610,31,388,15,1,MID,90
1611,31,389,15,0,DEF,0
1612,31,390,15,1,FWD,90
1613,32,391,16,1,GK,90
1614,32,392,16,1,DEF,90
1615,32,393,16,0,DEF,0
1616,32,394,16,1,DEF,90
1617,32,395,16,1,MID,90
1618,32,396,16,0,MID,0
1619,32,397,16,0,FWD,0
1620,32,398,16,1,FWD,90
1621,32,399,16,0,FWD,0
1622,32,400,16,1,MID,90
1623,32,401,16,0,FWD,0
1624,32,402,16,0,GK,0
1625,32,403,16,0,DEF,0
1626,32,404,16,0,DEF,0
1627,32,405,16,0,DEF,0
1628,32,406,16,1,MID,90
1629,32,407,16,0,FWD,0
1630,32,408,16,1,DEF,90
1631,32,409,16,1,FWD,90
1632,32,410,16,0,DEF,0
1633,32,411,16,0,FWD,0
1634,32,412,16,1,MID,90
1635,32,413,16,0,GK,0
1636,32,414,16,0,FWD,0
1637,32,415,16,1,DEF,90
1638,32,416,16,0,FWD,0
1639,32,339,14,1,GK,90
1640,32,340,14,1,DEF,90
1641,32,341,14,1,DEF,90
1642,32,342,14,0,DEF,0
1643,32,343,14,0,DEF,0
1644,32,344,14,0,DEF,0
1645,32,345,14,1,MID,90
1646,32,346,14,0,MID,0
1647,32,347,14,0,FWD,0
1648,32,348,14,1,MID,90
1649,32,349,14,0,MID,0
1650,32,350,14,0,GK,0
1651,32,351,14,1,DEF,90
1652,32,352,14,1,MID,90
1653,32,353,14,0,DEF,0
1654,32,354,14,0,MID,0
1655,32,355,14,0,FWD,0
1656,32,356,14,1,FWD,90
1657,32,357,14,0,FWD,30
1658,32,358,14,0,MID,0
1659,32,359,14,0,FWD,0
1660,32,360,14,0,GK,0
1661,32,361,14,1,MID,90
1662,32,362,14,0,MID,0
1663,32,363,14,1,FWD,90
1664,32,364,14,1,DEF,90
1665,33,417,17,1,GK,90
1666,33,418,17,0,DEF,0
1667,33,419,17,1,DEF,90
1668,33,420,17,0,DEF,0
1669,33,421,17,1,MID,90
1670,33,422,17,1,DEF,90
1671,33,423,17,1,FWD,90
1672,33,424,17,0,MID,0
1673,33,425,17,0,MID,0
1674,33,426,17,1,MID,90
1675,33,427,17,0,FWD,0
1676,33,428,17,0,GK,0
1677,33,429,17,1,MID,90
1678,33,430,17,0,FWD,0
1679,33,431,17,1,DEF,90
1680,33,432,17,0,MID,0
1681,33,433,17,1,MID,90
1682,33,434,17,1,DEF,90
1683,33,435,17,0,MID,0
1684,33,436,17,0,MID,30
1685,33,437,17,0,GK,0
1686,33,438,17,0,DEF,0
1687,33,439,17,0,MID,30
1688,33,440,17,0,DEF,0
1689,33,441,17,0,MID,0
1690,33,442,17,1,FWD,90
1691,33,469,19,1,GK,90
1692,33,470,19,0,DEF,0
1693,33,471,19,1,DEF,90
1694,33,472,19,1,MID,90
1695,33,473,19,0,DEF,0
1696,33,474,19,0,MID,0
1697,33,475,19,1,DEF,90
1698,33,476,19,1,MID,90
1699,33,477,19,0,FWD,0
1700,33,478,19,1,FWD,90
1701,33,479,19,1,FWD,90
1702,33,480,19,0,FWD,0
1703,33,481,19,1,DEF,90
1704,33,482,19,0,FWD,0
1705,33,483,19,0,FWD,0
1706,33,484,19,0,GK,0
1707,33,485,19,0,DEF,0
1708,33,486,19,0,MID,0
1709,33,487,19,0,FWD,0
1710,33,488,19,0,DEF,0
1711,33,489,19,1,DEF,90
1712,33,490,19,0,FWD,0
1713,33,491,19,0,GK,0
1714,33,492,19,0,FWD,0
1715,33,493,19,1,MID,90
1716,33,494,19,1,MID,90
1717,34,495,20,1,GK,90
1718,34,496,20,1,DEF,90
1719,34,497,20,0,DEF,0
1720,34,498,20,0,DEF,0
1721,34,499,20,0,MID,0
1722,34,500,20,1,DEF,90
1723,34,501,20,1,DEF,90
1724,34,502,20,1,MID,90
1725,34,503,20,0,FWD,0
1726,34,504,20,0,MID,0
1727,34,505,20,0,FWD,0
1728,34,506,20,0,GK,0
1729,34,507,20,0,FWD,0
1730,34,508,20,1,MID,90
1731,34,509,20,1,MID,90
1732,34,510,20,1,FWD,90
1733,34,511,20,0,DEF,0
1734,34,512,20,0,MID,0
1735,34,513,20,0,FWD,0
1736,34,514,20,0,FWD,0
1737,34,515,20,0,MID,0
1738,34,516,20,0,GK,0
1739,34,517,20,1,MID,90
1740,34,518,20,1,FWD,90
1741,34,519,20,0,DEF,0
1742,34,520,20,1,DEF,90
1743,34,443,18,1,GK,90
1744,34,444,18,0,DEF,0
1745,34,445,18,1,DEF,90
1746,34,446,18,1,DEF,90
1747,34,447,18,0,DEF,0
1748,34,448,18,1,MID,90
1749,34,449,18,0,MID,0
1750,34,450,18,0,MID,0
1751,34,451,18,0,FWD,0
1752,34,452,18,1,MID,90
1753,34,453,18,0,FWD,0
1754,34,454,18,0,FWD,0
1755,34,455,18,1,FWD,90
1756,34,456,18,0,FWD,0
1757,34,457,18,1,MID,90
1758,34,458,18,0,FWD,0
1759,34,459,18,1,FWD,90
1760,34,460,18,0,DEF,0
1761,34,461,18,0,FWD,0
1762,34,462,18,1,DEF,90
1763,34,463,18,0,MID,0
1764,34,464,18,1,MID,90
1765,34,465,18,0,DEF,0
1766,34,466,18,1,DEF,90
1767,34,467,18,0,GK,0
1768,34,468,18,0,GK,0
1769,35,521,21,1,GK,90
1770,35,522,21,0,DEF,0
1771,35,523,21,1,MID,90
1772,35,524,21,0,DEF,0
1773,35,525,21,1,DEF,90
1774,35,526,21,1,DEF,90
1775,35,527,21,1,MID,90
1776,35,528,21,1,MID,90
1777,35,529,21,0,FWD,0
1778,35,530,21,1,FWD,90
1779,35,531,21,1,FWD,90
1780,35,532,21,0,DEF,0
1781,35,533,21,0,GK,0
1782,35,534,21,1,MID,90
1783,35,535,21,0,DEF,0
1784,35,536,21,0,MID,0
1785,35,537,21,0,FWD,0
1786,35,538,21,0,FWD,0
1787,35,539,21,0,FWD,30
1788,35,540,21,0,MID,0
1789,35,541,21,0,MID,0
1790,35,542,21,1,DEF,90
1791,35,543,21,0,GK,0
1792,35,544,21,0,FWD,30
1793,35,545,21,1,DEF,90
1794,35,546,21,0,MID,0
1795,35,573,23,1,GK,90
1796,35,574,23,0,DEF,0
1797,35,575,23,0,DEF,0
1798,35,576,23,1,DEF,90
1799,35,577,23,0,DEF,0
1800,35,578,23,1,DEF,90
1801,35,579,23,1,MID,90
1802,35,580,23,0,DEF,0
1803,35,581,23,1,FWD,90
1804,35,582,23,1,MID,90
1805,35,583,23,0,FWD,30
1806,35,584,23,0,GK,0
1807,35,585,23,0,MID,0
1808,35,586,23,0,DEF,0
1809,35,587,23,1,DEF,90
1810,35,588,23,1,MID,90
1811,35,589,23,0,FWD,0
1812,35,590,23,0,MID,0
1813,35,591,23,1,MID,90
1814,35,592,23,0,DEF,0
1815,35,593,23,1,DEF,90
1816,35,594,23,0,MID,0
1817,35,595,23,0,GK,0
1818,35,596,23,0,DEF,0
1819,35,597,23,0,FWD,0
1820,35,598,23,1,FWD,90
1821,36,599,24,0,GK,0
1822,36,600,24,1,DEF,90
1823,36,601,24,0,DEF,0
1824,36,602,24,0,DEF,0
1825,36,603,24,0,DEF,0
1826,36,604,24,0,DEF,0
1827,36,605,24,0,FWD,0
1828,36,606,24,1,FWD,90
1829,36,607,24,1,FWD,90
1830,36,608,24,0,MID,0
1831,36,609,24,1,MID,90
1832,36,610,24,1,DEF,90
1833,36,611,24,1,MID,90
1834,36,612,24,1,MID,90
1835,36,613,24,1,MID,90
1836,36,614,24,1,GK,90
1837,36,615,24,0,MID,0
1838,36,616,24,0,FWD,0
1839,36,617,24,0,FWD,0
1840,36,618,24,1,DEF,90
1841,36,619,24,1,DEF,90
1842,36,620,24,0,GK,0
1843,36,621,24,0,DEF,0
1844,36,622,24,0,DEF,0
1845,36,623,24,0,MID,0
1846,36,624,24,0,MID,0
1847,36,547,22,1,GK,90
1848,36,548,22,1,DEF,90
1849,36,549,22,1,DEF,90
1850,36,550,22,1,DEF,90
1851,36,551,22,0,DEF,0
1852,36,552,22,0,FWD,0
1853,36,553,22,0,MID,0
1854,36,554,22,1,MID,90
1855,36,555,22,0,FWD,0
1856,36,556,22,1,MID,90
1857,36,557,22,0,MID,0
1858,36,558,22,0,GK,0
1859,36,559,22,0,MID,30
1860,36,560,22,1,MID,90
1861,36,561,22,1,MID,90
1862,36,562,22,0,DEF,0
1863,36,563,22,0,MID,0
1864,36,564,22,0,FWD,30
1865,36,565,22,1,FWD,90
1866,36,566,22,1,DEF,90
1867,36,567,22,0,DEF,0
1868,36,568,22,0,DEF,0
1869,36,569,22,0,GK,0
1870,36,570,22,0,MID,30
1871,36,571,22,0,DEF,0
1872,36,572,22,1,FWD,90
1873,37,625,25,1,GK,90
1874,37,626,25,0,DEF,0
1875,37,627,25,1,DEF,90
1876,37,628,25,1,DEF,90
1877,37,629,25,0,DEF,0
1878,37,630,25,1,MID,90
1879,37,631,25,1,MID,90
1880,37,632,25,0,MID,0
1881,37,633,25,1,FWD,90
1882,37,634,25,0,FWD,0
1883,37,635,25,0,FWD,0
1884,37,636,25,0,GK,0
1885,37,637,25,0,GK,0
1886,37,638,25,1,FWD,90
1887,37,639,25,1,DEF,90
1888,37,640,25,0,DEF,0
1889,37,641,25,0,FWD,0
1890,37,642,25,1,DEF,90
1891,37,643,25,0,MID,0
1892,37,644,25,0,MID,0
1893,37,645,25,0,DEF,0
1894,37,646,25,0,MID,0
1895,37,647,25,1,MID,90
1896,37,648,25,1,MID,90
1897,37,649,25,0,DEF,30
1898,37,650,25,0,FWD,0
1899,37,677,27,1,GK,90
1900,37,678,27,0,DEF,0
1901,37,679,27,1,DEF,90
1902,37,680,27,1,DEF,90
1903,37,681,27,0,DEF,0
1904,37,682,27,1,MID,90
1905,37,683,27,0,MID,0
1906,37,684,27,0,MID,0
1907,37,685,27,0,FWD,0
1908,37,686,27,1,FWD,90
1909,37,687,27,0,FWD,0
1910,37,688,27,0,GK,0
1911,37,689,27,1,DEF,90
1912,37,690,27,0,MID,0
1913,37,691,27,1,MID,90
1914,37,692,27,1,MID,90
1915,37,693,27,0,DEF,0
1916,37,694,27,1,FWD,90
1917,37,695,27,0,DEF,0
1918,37,696,27,0,FWD,0
1919,37,697,27,0,MID,0
1920,37,698,27,0,GK,0
1921,37,699,27,0,DEF,0
1922,37,700,27,0,FWD,0
1923,37,701,27,1,DEF,90
1924,37,702,27,1,MID,90
1925,38,703,28,1,GK,90
1926,38,704,28,1,DEF,90
1927,38,705,28,1,DEF,90
1928,38,706,28,1,DEF,90
1929,38,707,28,0,DEF,0
1930,38,708,28,0,MID,0
1931,38,709,28,0,FWD,0
1932,38,710,28,1,MID,90
1933,38,711,28,1,FWD,90
1934,38,712,28,0,MID,0
1935,38,713,28,1,MID,90
1936,38,714,28,0,GK,0
1937,38,715,28,0,DEF,0
1938,38,716,28,0,MID,0
1939,38,717,28,0,DEF,0
1940,38,718,28,0,DEF,30
1941,38,719,28,0,FWD,0
1942,38,720,28,1,FWD,90
1943,38,721,28,0,MID,0
1944,38,722,28,1,MID,90
1945,38,723,28,0,FWD,0
1946,38,724,28,0,GK,0
1947,38,725,28,0,MID,0
1948,38,726,28,0,DEF,0
1949,38,727,28,1,MID,90
1950,38,728,28,1,DEF,90
1951,38,651,26,1,GK,90
1952,38,652,26,0,DEF,0
1953,38,653,26,1,DEF,90
1954,38,654,26,0,DEF,0
1955,38,655,26,1,DEF,90
1956,38,656,26,1,DEF,90
1957,38,657,26,0,FWD,30
1958,38,658,26,0,MID,0
1959,38,659,26,1,FWD,90
1960,38,660,26,1,FWD,90
1961,38,661,26,1,MID,90
1962,38,662,26,0,FWD,0
1963,38,663,26,1,DEF,90
1964,38,664,26,1,MID,90
1965,38,665,26,0,DEF,0
1966,38,666,26,0,GK,0
1967,38,667,26,0,MID,0
1968,38,668,26,1,MID,90
1969,38,669,26,0,MID,0
1970,38,670,26,0,FWD,0
1971,38,671,26,1,MID,90
1972,38,672,26,0,FWD,0
1973,38,673,26,0,GK,0
1974,38,674,26,0,DEF,0
1975,38,675,26,0,FWD,0
1976,38,676,26,0,GK,0
1977,39,729,29,1,GK,90
1978,39,730,29,0,DEF,0
1979,39,731,29,1,DEF,90
1980,39,732,29,1,DEF,90
1981,39,733,29,0,DEF,0
1982,39,734,29,1,MID,90
1983,39,735,29,0,FWD,0
1984,39,736,29,0,MID,0
1985,39,737,29,0,MID,0
1986,39,738,29,1,FWD,90
1987,39,739,29,0,FWD,0
1988,39,740,29,1,DEF,90
1989,39,741,29,0,GK,0
1990,39,742,29,0,DEF,30
1991,39,743,29,1,MID,90
1992,39,744,29,0,MID,0
1993,39,745,29,0,FWD,0
1994,39,746,29,1,MID,90
1995,39,747,29,1,FWD,90
1996,39,748,29,1,MID,90
1997,39,749,29,0,FWD,30
1998,39,750,29,0,DEF,0
1999,39,751,29,0,GK,0
2000,39,752,29,1,DEF,90
2001,39,753,29,0,FWD,0
2002,39,754,29,0,FWD,0
2003,39,781,31,0,GK,0
2004,39,782,31,1,DEF,90
2005,39,783,31,0,DEF,0
2006,39,784,31,0,DEF,0
2007,39,785,31,0,DEF,30
2008,39,786,31,1,MID,90
2009,39,787,31,0,MID,0
2010,39,788,31,0,FWD,0
2011,39,789,31,0,FWD,0
2012,39,790,31,0,FWD,0
2013,39,791,31,0,FWD,0
2014,39,792,31,1,DEF,90
2015,39,793,31,1,DEF,90
2016,39,794,31,0,DEF,0
2017,39,795,31,1,MID,90
2018,39,796,31,1,MID,90
2019,39,797,31,1,FWD,90
2020,39,798,31,1,MID,90
2021,39,799,31,1,FWD,90
2022,39,800,31,0,FWD,0
2023,39,801,31,1,GK,90
2024,39,802,31,0,GK,0
2025,39,803,31,0,MID,0
2026,39,804,31,0,DEF,0
2027,39,805,31,0,DEF,0
2028,39,806,31,1,DEF,90
2029,40,807,32,1,GK,90
2030,40,808,32,1,DEF,90
2031,40,809,32,0,DEF,0
2032,40,810,32,1,DEF,90
2033,40,811,32,0,MID,0
2034,40,812,32,0,MID,0
2035,40,813,32,1,MID,90
2036,40,814,32,1,MID,90
2037,40,815,32,1,FWD,90
2038,40,816,32,0,MID,0
2039,40,817,32,0,FWD,0
2040,40,818,32,0,GK,0
2041,40,819,32,1,DEF,90
2042,40,820,32,0,MID,30
2043,40,821,32,0,MID,0
2044,40,822,32,1,DEF,90
2045,40,823,32,0,DEF,0
2046,40,824,32,1,FWD,90
2047,40,825,32,0,FWD,0
2048,40,826,32,1,MID,90
2049,40,827,32,0,FWD,0
2050,40,828,32,0,MID,0
2051,40,829,32,0,GK,0
2052,40,830,32,0,DEF,0
2053,40,831,32,0,MID,0
2054,40,832,32,1,MID,90
2055,40,755,30,1,GK,90
2056,40,756,30,1,DEF,90
2057,40,757,30,0,DEF,0
2058,40,758,30,0,DEF,0
2059,40,759,30,0,DEF,0
2060,40,760,30,0,MID,30
2061,40,761,30,0,MID,0
2062,40,762,30,1,MID,90
2063,40,763,30,1,FWD,90
2064,40,764,30,1,MID,90
2065,40,765,30,0,MID,0
2066,40,766,30,0,GK,0
2067,40,767,30,1,DEF,90
2068,40,768,30,0,MID,0
2069,40,769,30,0,MID,0
2070,40,770,30,0,MID,0
2071,40,771,30,1,MID,90
2072,40,772,30,0,MID,0
2073,40,773,30,0,FWD,0
2074,40,774,30,1,FWD,90
2075,40,775,30,1,MID,90
2076,40,776,30,1,DEF,90
2077,40,777,30,0,GK,0
2078,40,778,30,0,DEF,0
2079,40,779,30,1,DEF,90
2080,40,780,30,0,MID,30
2081,41,833,33,0,GK,0
2082,41,834,33,0,DEF,0
2083,41,835,33,1,DEF,90
2084,41,836,33,0,DEF,0
2085,41,837,33,1,DEF,90
2086,41,838,33,1,MID,90
2087,41,839,33,0,FWD,30
2088,41,840,33,1,MID,90
2089,41,841,33,0,FWD,0
2090,41,842,33,1,FWD,90
2091,41,843,33,1,FWD,90
2092,41,844,33,0,FWD,0
2093,41,845,33,0,MID,0
2094,41,846,33,0,MID,0
2095,41,847,33,0,DEF,0
2096,41,848,33,1,GK,90
2097,41,849,33,1,DEF,90
2098,41,850,33,1,MID,90
2099,41,851,33,1,DEF,90
2100,41,852,33,0,FWD,0
2101,41,853,33,0,DEF,0
2102,41,854,33,0,FWD,0
2103,41,855,33,0,GK,0
2104,41,856,33,0,MID,0
2105,41,857,33,1,MID,90
2106,41,858,33,0,DEF,0
2107,41,885,35,1,GK,90
2108,41,886,35,0,DEF,0
2109,41,887,35,0,DEF,0
2110,41,888,35,0,DEF,0
2111,41,889,35,1,DEF,90
2112,41,890,35,0,DEF,0
2113,41,891,35,1,MID,90
2114,41,892,35,0,MID,0
2115,41,893,35,0,FWD,0
2116,41,894,35,0,FWD,0
2117,41,895,35,0,FWD,0
2118,41,896,35,0,GK,0
2119,41,897,35,0,FWD,0
2120,41,898,35,0,MID,0
2121,41,899,35,1,DEF,90
2122,41,900,35,1,MID,90
2123,41,901,35,0,FWD,0
2124,41,902,35,1,FWD,90
2125,41,903,35,0,MID,0
2126,41,904,35,1,MID,90
2127,41,905,35,1,FWD,90
2128,41,906,35,0,GK,0
2129,41,907,35,1,DEF,90
2130,41,908,35,1,MID,90
2131,41,909,35,0,DEF,0
2132,41,910,35,1,DEF,90
2133,42,911,36,1,GK,90
2134,42,912,36,0,MID,0
2135,42,913,36,0,DEF,0
2136,42,914,36,0,DEF,0
2137,42,915,36,0,DEF,0
2138,42,916,36,1,MID,90
2139,42,917,36,0,FWD,0
2140,42,918,36,1,MID,90
2141,42,919,36,1,FWD,90
2142,42,920,36,1,MID,90
2143,42,921,36,1,FWD,90
2144,42,922,36,0,GK,0
2145,42,923,36,0,GK,0
2146,42,924,36,0,MID,0
2147,42,925,36,1,DEF,90
2148,42,926,36,1,DEF,90
2149,42,927,36,1,DEF,90
2150,42,928,36,0,MID,0
2151,42,929,36,0,MID,0
2152,42,930,36,0,FWD,0
2153,42,931,36,1,MID,90
2154,42,932,36,0,MID,0
2155,42,933,36,0,MID,0
2156,42,934,36,0,DEF,0
2157,42,935,36,1,DEF,90
2158,42,936,36,0,FWD,0
2159,42,859,34,0,GK,0
2160,42,860,34,0,DEF,0
2161,42,861,34,1,DEF,90
2162,42,862,34,1,DEF,90
2163,42,863,34,1,MID,90
2164,42,864,34,0,MID,0
2165,42,865,34,0,FWD,0
2166,42,866,34,1,MID,90
2167,42,867,34,1,FWD,90
2168,42,868,34,0,FWD,30
2169,42,869,34,0,FWD,30
2170,42,870,34,0,FWD,0
2171,42,871,34,0,FWD,0
2172,42,872,34,0,DEF,0
2173,42,873,34,0,DEF,0
2174,42,874,34,1,GK,90
2175,42,875,34,0,MID,0
2176,42,876,34,0,FWD,30
2177,42,877,34,0,DEF,0
2178,42,878,34,1,FWD,90
2179,42,879,34,0,MID,0
2180,42,880,34,1,MID,90
2181,42,881,34,0,GK,0
2182,42,882,34,1,DEF,90
2183,42,883,34,1,DEF,90
2184,42,884,34,1,MID,90
2185,43,937,37,0,GK,0
2186,43,938,37,0,DEF,0
2187,43,939,37,1,DEF,90
2188,43,940,37,0,DEF,0
2189,43,941,37,1,MID,90
2190,43,942,37,1,DEF,90
2191,43,943,37,1,MID,90
2192,43,944,37,0,MID,0
2193,43,945,37,1,FWD,90
2194,43,946,37,0,FWD,30
2195,43,947,37,0,MID,0
2196,43,948,37,0,GK,0
2197,43,949,37,0,DEF,0
2198,43,950,37,1,MID,90
2199,43,951,37,1,MID,90
2200,43,952,37,0,FWD,0
2201,43,953,37,0,FWD,0
2202,43,954,37,0,FWD,0
2203,43,955,37,1,DEF,90
2204,43,956,37,0,MID,0
2205,43,957,37,1,FWD,90
2206,43,958,37,0,FWD,0
2207,43,959,37,1,GK,90
2208,43,960,37,0,MID,0
2209,43,961,37,1,DEF,90
2210,43,962,37,0,DEF,0
2211,43,989,39,1,GK,90
2212,43,990,39,1,DEF,90
2213,43,991,39,0,DEF,0
2214,43,992,39,1,MID,90
2215,43,993,39,0,DEF,0
2216,43,994,39,1,MID,90
2217,43,995,39,0,FWD,0
2218,43,996,39,1,DEF,90
2219,43,997,39,0,MID,0
2220,43,998,39,0,MID,0
2221,43,999,39,1,FWD,90
2222,43,1000,39,0,GK,0
2223,43,1001,39,0,GK,0
2224,43,1002,39,1,FWD,90
2225,43,1003,39,1,DEF,90
2226,43,1004,39,0,DEF,0
2227,43,1005,39,0,MID,0
2228,43,1006,39,0,MID,0
2229,43,1007,39,1,MID,90
2230,43,1008,39,0,MID,0
2231,43,1009,39,0,FWD,0
2232,43,1010,39,1,MID,90
2233,43,1011,39,0,DEF,0
2234,43,1012,39,0,MID,0
2235,43,1013,39,1,DEF,90
2236,43,1014,39,0,MID,0
2237,44,1015,40,1,GK,90
2238,44,1016,40,0,DEF,0
2239,44,1017,40,1,DEF,90
2240,44,1018,40,0,DEF,0
2241,44,1019,40,0,DEF,0
2242,44,1020,40,0,MID,0
2243,44,1021,40,1,FWD,90
2244,44,1022,40,0,MID,0
2245,44,1023,40,0,FWD,0
2246,44,1024,40,1,FWD,90
2247,44,1025,40,0,FWD,0
2248,44,1026,40,0,GK,0
2249,44,1027,40,0,FWD,0
2250,44,1028,40,0,MID,0
2251,44,1029,40,1,MID,90
2252,44,1030,40,1,DEF,90
2253,44,1031,40,1,DEF,90
2254,44,1032,40,0,MID,0
2255,44,1033,40,1,DEF,90
2256,44,1034,40,1,MID,90
2257,44,1035,40,1,MID,90
2258,44,1036,40,0,GK,0
2259,44,1037,40,0,DEF,0
2260,44,1038,40,0,FWD,0
2261,44,1039,40,1,MID,90
2262,44,1040,40,0,DEF,0
2263,44,963,38,1,GK,90
2264,44,964,38,1,DEF,90
2265,44,965,38,0,DEF,0
2266,44,966,38,0,DEF,0
2267,44,967,38,1,DEF,90
2268,44,968,38,1,MID,90
2269,44,969,38,0,FWD,30
2270,44,970,38,1,MID,90
2271,44,971,38,0,FWD,30
2272,44,972,38,0,MID,0
2273,44,973,38,0,FWD,0
2274,44,974,38,1,FWD,90
2275,44,975,38,0,DEF,0
2276,44,976,38,1,MID,90
2277,44,977,38,0,DEF,0
2278,44,978,38,0,GK,0
2279,44,979,38,0,DEF,0
2280,44,980,38,0,FWD,0
2281,44,981,38,1,MID,90
2282,44,982,38,0,FWD,0
2283,44,983,38,1,DEF,90
2284,44,984,38,0,MID,0
2285,44,985,38,0,GK,0
2286,44,986,38,0,MID,0
2287,44,987,38,1,FWD,90
2288,44,988,38,1,DEF,90
2289,45,1041,41,1,GK,90
2290,45,1042,41,0,DEF,0
2291,45,1043,41,1,DEF,90
2292,45,1044,41,1,DEF,90
2293,45,1045,41,1,DEF,90
2294,45,1046,41,1,MID,90
2295,45,1047,41,0,FWD,30
2296,45,1048,41,0,MID,30
2297,45,1049,41,1,FWD,90
2298,45,1050,41,0,MID,0
2299,45,1051,41,0,FWD,0
2300,45,1052,41,0,GK,0
2301,45,1053,41,0,DEF,0
2302,45,1054,41,0,DEF,0
2303,45,1055,41,1,MID,90
2304,45,1056,41,0,FWD,0
2305,45,1057,41,0,FWD,30
2306,45,1058,41,0,FWD,0
2307,45,1059,41,0,FWD,0
2308,45,1060,41,0,DEF,30
2309,45,1061,41,1,MID,90
2310,45,1062,41,0,GK,0
2311,45,1063,41,1,MID,90
2312,45,1064,41,0,DEF,0
2313,45,1065,41,1,DEF,90
2314,45,1066,41,1,FWD,90
2315,45,1093,43,0,GK,0
2316,45,1094,43,1,DEF,90
2317,45,1095,43,0,DEF,0
2318,45,1096,43,1,DEF,90
2319,45,1097,43,0,DEF,0
2320,45,1098,43,0,MID,0
2321,45,1099,43,1,MID,90
2322,45,1100,43,1,MID,90
2323,45,1101,43,0,MID,0
2324,45,1102,43,1,MID,90
2325,45,1103,43,0,MID,0
2326,45,1104,43,0,GK,0
2327,45,1105,43,1,DEF,90
2328,45,1106,43,1,FWD,90
2329,45,1107,43,1,DEF,90
2330,45,1108,43,0,GK,0
2331,45,1109,43,0,MID,0
2332,45,1110,43,0,DEF,0
2333,45,1111,43,0,MID,0
2334,45,1112,43,1,FWD,90
2335,45,1113,43,0,FWD,0
2336,45,1114,43,1,MID,90
2337,45,1115,43,0,MID,0
2338,45,1116,43,1,DEF,90
2339,45,1117,43,0,DEF,0
2340,45,1118,43,0,DEF,0
2341,46,1119,44,0,GK,0
2342,46,1120,44,1,DEF,90
2343,46,1121,44,1,DEF,90
2344,46,1122,44,0,DEF,0
2345,46,1123,44,0,MID,0
2346,46,1124,44,1,MID,90
2347,46,1125,44,1,FWD,90
2348,46,1126,44,0,MID,0
2349,46,1127,44,0,FWD,0
2350,46,1128,44,0,MID,0
2351,46,1129,44,1,MID,90
2352,46,1130,44,1,GK,90
2353,46,1131,44,1,DEF,90
2354,46,1132,44,0,DEF,0
2355,46,1133,44,1,MID,90
2356,46,1134,44,1,MID,90
2357,46,1135,44,0,DEF,0
2358,46,1136,44,0,DEF,0
2359,46,1137,44,0,FWD,0
2360,46,1138,44,0,MID,30
2361,46,1139,44,1,FWD,90
2362,46,1140,44,1,DEF,90
2363,46,1141,44,0,DEF,0
2364,46,1142,44,0,GK,0
2365,46,1143,44,0,FWD,0
2366,46,1144,44,0,FWD,0
2367,46,1067,42,1,GK,90
2368,46,1068,42,0,DEF,0
2369,46,1069,42,1,DEF,90
2370,46,1070,42,0,DEF,0
2371,46,1071,42,0,DEF,0
2372,46,1072,42,1,MID,90
2373,46,1073,42,0,MID,0
2374,46,1074,42,1,MID,90
2375,46,1075,42,0,FWD,0
2376,46,1076,42,0,MID,0
2377,46,1077,42,1,FWD,90
2378,46,1078,42,0,DEF,0
2379,46,1079,42,0,FWD,0
2380,46,1080,42,1,MID,90
2381,46,1081,42,0,MID,0
2382,46,1082,42,0,GK,0
2383,46,1083,42,0,FWD,0
2384,46,1084,42,1,MID,90
2385,46,1085,42,0,FWD,0
2386,46,1086,42,1,FWD,90
2387,46,1087,42,0,GK,0
2388,46,1088,42,1,DEF,90
2389,46,1089,42,0,FWD,0
2390,46,1090,42,1,DEF,90
2391,46,1091,42,0,MID,0
2392,46,1092,42,1,DEF,90
2393,47,1145,45,1,GK,90
2394,47,1146,45,1,DEF,90
2395,47,1147,45,1,DEF,90
2396,47,1148,45,1,MID,90
2397,47,1149,45,0,DEF,0
2398,47,1150,45,0,DEF,0
2399,47,1151,45,1,FWD,90
2400,47,1152,45,0,MID,0
2401,47,1153,45,1,FWD,90
2402,47,1154,45,1,MID,90
2403,47,1155,45,0,FWD,0
2404,47,1156,45,0,DEF,0
2405,47,1157,45,0,GK,0
2406,47,1158,45,0,MID,0
2407,47,1159,45,0,DEF,0
2408,47,1160,45,0,MID,0
2409,47,1161,45,1,MID,90
2410,47,1162,45,0,FWD,0
2411,47,1163,45,0,FWD,0
2412,47,1164,45,0,FWD,0
2413,47,1165,45,1,MID,90
2414,47,1166,45,0,FWD,0
2415,47,1167,45,0,GK,0
2416,47,1168,45,1,DEF,90
2417,47,1169,45,1,DEF,90
2418,47,1170,45,0,DEF,0
2419,47,1197,47,1,GK,90
2420,47,1198,47,0,DEF,0
2421,47,1199,47,1,MID,90
2422,47,1200,47,1,DEF,90
2423,47,1201,47,0,MID,30
2424,47,1202,47,0,DEF,0
2425,47,1203,47,1,FWD,90
2426,47,1204,47,1,MID,90
2427,47,1205,47,0,FWD,0
2428,47,1206,47,0,FWD,0
2429,47,1207,47,1,MID,90
2430,47,1208,47,0,GK,0
2431,47,1209,47,1,FWD,90
2432,47,1210,47,0,DEF,0
2433,47,1211,47,0,MID,0
2434,47,1212,47,0,GK,0
2435,47,1213,47,0,DEF,0
2436,47,1214,47,1,DEF,90
2437,47,1215,47,0,FWD,0
2438,47,1216,47,1,MID,90
2439,47,1217,47,1,DEF,90
2440,47,1218,47,0,FWD,0
2441,47,1219,47,1,DEF,90
2442,47,1220,47,0,FWD,0
2443,47,1221,47,0,FWD,0
2444,47,1222,47,0,DEF,0
2445,48,1223,48,0,GK,0
2446,48,1224,48,0,DEF,0
2447,48,1225,48,0,DEF,0
2448,48,1226,48,0,DEF,30
2449,48,1227,48,1,DEF,90
2450,48,1228,48,0,MID,0
2451,48,1229,48,0,MID,0
2452,48,1230,48,1,MID,90
2453,48,1231,48,1,FWD,90
2454,48,1232,48,1,MID,90
2455,48,1233,48,0,MID,0
2456,48,1234,48,0,GK,0
2457,48,1235,48,1,DEF,90
2458,48,1236,48,0,DEF,0
2459,48,1237,48,0,DEF,0
2460,48,1238,48,0,DEF,0
2461,48,1239,48,0,FWD,0
2462,48,1240,48,1,FWD,90
2463,48,1241,48,1,MID,90
2464,48,1242,48,0,MID,0
2465,48,1243,48,1,MID,90
2466,48,1244,48,1,GK,90
2467,48,1245,48,0,DEF,0
2468,48,1246,48,0,FWD,0
2469,48,1247,48,1,DEF,90
2470,48,1248,48,1,DEF,90
2471,48,1171,46,1,GK,90
2472,48,1172,46,0,DEF,30
2473,48,1173,46,0,DEF,0
2474,48,1174,46,1,DEF,90
2475,48,1175,46,0,DEF,0
2476,48,1176,46,1,DEF,90
2477,48,1177,46,0,MID,0
2478,48,1178,46,1,MID,90
2479,48,1179,46,1,FWD,90
2480,48,1180,46,0,MID,0
2481,48,1181,46,0,FWD,30
2482,48,1182,46,0,GK,0
2483,48,1183,46,0,MID,0
2484,48,1184,46,0,FWD,0
2485,48,1185,46,0,MID,0
2486,48,1186,46,0,MID,0
2487,48,1187,46,1,MID,90
2488,48,1188,46,1,DEF,90
2489,48,1189,46,1,MID,90
2490,48,1190,46,0,FWD,0
2491,48,1191,46,1,MID,90
2492,48,1192,46,1,DEF,90
2493,48,1193,46,0,GK,0
2494,48,1194,46,1,FWD,90
2495,48,1195,46,0,DEF,0
2496,48,1196,46,0,FWD,0
2497,49,79,4,1,GK,90
2498,49,80,4,0,DEF,0
2499,49,81,4,1,DEF,90
2500,49,82,4,0,DEF,0
2501,49,83,4,1,DEF,90
2502,49,84,4,1,DEF,90
2503,49,85,4,0,DEF,0
2504,49,86,4,1,MID,90
2505,49,87,4,0,FWD,0
2506,49,88,4,0,FWD,0
2507,49,89,4,0,FWD,0
2508,49,90,4,0,MID,0
2509,49,91,4,0,FWD,0
2510,49,92,4,1,DEF,90
2511,49,93,4,1,FWD,90
2512,49,94,4,0,GK,0
2513,49,95,4,1,MID,90
2514,49,96,4,1,MID,90
2515,49,97,4,0,FWD,0
2516,49,98,4,0,DEF,0
2517,49,99,4,0,DEF,0
2518,49,100,4,0,MID,0
2519,49,101,4,0,GK,0
2520,49,102,4,0,MID,0
2521,49,103,4,1,MID,90
2522,49,104,4,1,FWD,90
2523,49,1,1,1,GK,90
2524,49,2,1,1,DEF,90
2525,49,3,1,0,DEF,0
2526,49,4,1,0,DEF,0
2527,49,5,1,0,DEF,0
2528,49,6,1,1,MID,90
2529,49,7,1,0,MID,30
2530,49,8,1,0,MID,30
2531,49,9,1,0,FWD,0
2532,49,10,1,1,FWD,90
2533,49,11,1,0,FWD,0
2534,49,12,1,0,GK,0
2535,49,13,1,0,GK,0
2536,49,14,1,0,FWD,0
2537,49,15,1,1,DEF,90
2538,49,16,1,0,FWD,30
2539,49,17,1,0,MID,0
2540,49,18,1,0,MID,0
2541,49,19,1,1,MID,90
2542,49,20,1,1,DEF,90
2543,49,21,1,0,FWD,0
2544,49,22,1,1,FWD,90
2545,49,23,1,1,DEF,90
2546,49,24,1,1,MID,90
2547,49,25,1,0,FWD,30
2548,49,26,1,1,MID,90
2549,50,27,2,1,GK,90
2550,50,28,2,0,DEF,0
2551,50,29,2,1,DEF,90
2552,50,30,2,1,MID,90
2553,50,31,2,0,MID,0
2554,50,32,2,0,DEF,0
2555,50,33,2,1,FWD,90
2556,50,34,2,0,FWD,30
2557,50,35,2,0,FWD,0
2558,50,36,2,0,FWD,0
2559,50,37,2,1,MID,90
2560,50,38,2,1,FWD,90
2561,50,39,2,1,MID,90
2562,50,40,2,0,DEF,0
2563,50,41,2,0,FWD,0
2564,50,42,2,0,GK,0
2565,50,43,2,0,FWD,0
2566,50,44,2,0,DEF,0
2567,50,45,2,0,DEF,0
2568,50,46,2,1,DEF,90
2569,50,47,2,0,DEF,0
2570,50,48,2,0,GK,0
2571,50,49,2,1,MID,90
2572,50,50,2,1,DEF,90
2573,50,51,2,0,FWD,0
2574,50,52,2,1,DEF,90
2575,50,53,3,1,GK,90
2576,50,54,3,1,DEF,90
2577,50,55,3,0,MID,0
2578,50,56,3,1,DEF,90
2579,50,57,3,0,DEF,0
2580,50,58,3,0,MID,0
2581,50,59,3,0,FWD,0
2582,50,60,3,0,MID,0
2583,50,61,3,1,FWD,90
2584,50,62,3,1,MID,90
2585,50,63,3,0,MID,0
2586,50,64,3,0,GK,0
2587,50,65,3,0,DEF,0
2588,50,66,3,0,DEF,0
2589,50,67,3,0,DEF,0
2590,50,68,3,1,DEF,90
2591,50,69,3,1,MID,90
2592,50,70,3,1,FWD,90
2593,50,71,3,0,MID,0
2594,50,72,3,0,MID,0
2595,50,73,3,0,GK,0
2596,50,74,3,1,DEF,90
2597,50,75,3,0,DEF,0
2598,50,76,3,0,MID,0
2599,50,77,3,1,MID,90
2600,50,78,3,1,MID,90
2601,51,183,8,1,GK,90
2602,51,184,8,0,DEF,0
2603,51,185,8,1,DEF,90
2604,51,186,8,0,DEF,0
2605,51,187,8,1,DEF,90
2606,51,188,8,1,MID,90
2607,51,189,8,1,FWD,90
2608,51,190,8,0,MID,0
2609,51,191,8,1,MID,90
2610,51,192,8,0,MID,0
2611,51,193,8,1,FWD,90
2612,51,194,8,0,GK,0
2613,51,195,8,1,DEF,90
2614,51,196,8,1,MID,90
2615,51,197,8,0,MID,0
2616,51,198,8,0,FWD,0
2617,51,199,8,0,FWD,30
2618,51,200,8,0,DEF,0
2619,51,201,8,0,FWD,0
2620,51,202,8,1,MID,90
2621,51,203,8,0,GK,0
2622,51,204,8,0,MID,0
2623,51,205,8,0,FWD,0
2624,51,206,8,0,DEF,0
2625,51,207,8,1,DEF,90
2626,51,208,8,0,FWD,0
2627,51,105,5,0,GK,0
2628,51,106,5,1,DEF,90
2629,51,107,5,0,DEF,0
2630,51,108,5,0,DEF,0
2631,51,109,5,1,DEF,90
2632,51,110,5,1,MID,90
2633,51,111,5,1,MID,90
2634,51,112,5,0,MID,0
2635,51,113,5,0,FWD,0
2636,51,114,5,0,FWD,0
2637,51,115,5,1,MID,90
2638,51,116,5,0,FWD,0
2639,51,117,5,0,DEF,0
2640,51,118,5,0,MID,0
2641,51,119,5,1,DEF,90
2642,51,120,5,1,GK,90
2643,51,121,5,0,FWD,0
2644,51,122,5,0,GK,0
2645,51,123,5,0,DEF,0
2646,51,124,5,1,FWD,90
2647,51,125,5,1,MID,90
2648,51,126,5,1,DEF,90
2649,51,127,5,0,DEF,0
2650,51,128,5,1,FWD,90
2651,51,129,5,0,MID,30
2652,51,130,5,0,FWD,0
2653,52,131,6,1,GK,90
2654,52,132,6,0,DEF,0
2655,52,133,6,1,DEF,90
2656,52,134,6,1,DEF,90
2657,52,135,6,1,DEF,90
2658,52,136,6,1,MID,90
2659,52,137,6,0,DEF,0
2660,52,138,6,0,MID,0
2661,52,139,6,0,FWD,0
2662,52,140,6,0,FWD,0
2663,52,141,6,0,FWD,0
2664,52,142,6,0,GK,0
2665,52,143,6,1,MID,90
2666,52,144,6,0,MID,0
2667,52,145,6,1,MID,90
2668,52,146,6,0,MID,0
2669,52,147,6,1,MID,90
2670,52,148,6,0,DEF,0
2671,52,149,6,0,FWD,30
2672,52,150,6,1,FWD,90
2673,52,151,6,1,DEF,90
2674,52,152,6,0,GK,0
2675,52,153,6,1,FWD,90
2676,52,154,6,0,DEF,0
2677,52,155,6,0,FWD,0
2678,52,156,6,0,MID,30
2679,52,157,7,1,GK,90
2680,52,158,7,1,DEF,90
2681,52,159,7,0,DEF,0
2682,52,160,7,0,DEF,0
2683,52,161,7,0,DEF,0
2684,52,162,7,1,MID,90
2685,52,163,7,1,FWD,90
2686,52,164,7,0,FWD,30
2687,52,165,7,0,FWD,0
2688,52,166,7,0,FWD,30
2689,52,167,7,0,FWD,0
2690,52,168,7,1,MID,90
2691,52,169,7,0,DEF,0
2692,52,170,7,1,DEF,90
2693,52,171,7,1,FWD,90
2694,52,172,7,0,DEF,0
2695,52,173,7,1,MID,90
2696,52,174,7,1,DEF,90
2697,52,175,7,0,FWD,0
2698,52,176,7,0,MID,0
2699,52,177,7,0,GK,0
2700,52,178,7,0,GK,0
2701,52,179,7,1,MID,90
2702,52,180,7,0,FWD,0
2703,52,181,7,1,DEF,90
2704,52,182,7,0,FWD,0
